time,open,high,low,close,volume,is_ipo
2020-12-14,79080.0,79360.0,78700.0,79080.0,53970,False
2020-12-15,79280.0,79280.0,76990.0,77150.0,116620,False
2020-12-16,77530.0,78660.0,77150.0,77180.0,29800,False
2020-12-17,77530.0,78310.0,71800.0,76760.0,206620,False
2020-12-18,76760.0,78310.0,76180.0,78230.0,105530,False
2020-12-21,78230.0,78270.0,77180.0,77530.0,47370,False
2020-12-22,77340.0,77420.0,76680.0,77340.0,81000,False
2020-12-23,77340.0,77530.0,76370.0,76370.0,94860,False
2020-12-24,76760.0,77340.0,75600.0,76760.0,71760,False
2020-12-25,76950.0,76950.0,75980.0,76760.0,44010,False
2020-12-28,76840.0,77180.0,76180.0,76410.0,111170,False
2020-12-29,76410.0,78310.0,76180.0,77490.0,80630,False
2020-12-30,77530.0,78230.0,77070.0,77530.0,97540,False
2020-12-31,77530.0,77800.0,75600.0,75600.0,146100,False
2021-01-04,76950.0,77920.0,75670.0,77300.0,159700,False
2021-01-05,77300.0,77380.0,76680.0,77150.0,123300,False
2021-01-06,76760.0,76990.0,75600.0,76950.0,164600,False
2021-01-07,76870.0,77150.0,76020.0,76680.0,129900,False
2021-01-08,76680.0,77490.0,76680.0,76840.0,152900,False
2021-01-11,77150.0,79470.0,76910.0,78430.0,170700,False
2021-01-12,79360.0,79860.0,78500.0,79670.0,192900,False
2021-01-13,80250.0,81800.0,79860.0,80290.0,226400,False
2021-01-14,81410.0,81410.0,79470.0,79470.0,155100,False
2021-01-15,79470.0,79630.0,77530.0,77730.0,229500,False
2021-01-18,77340.0,77690.0,76450.0,77690.0,136900,False
2021-01-19,77690.0,77690.0,72490.0,74820.0,134700,False
2021-01-20,74820.0,75480.0,73660.0,75480.0,226800,False
2021-01-21,75710.0,75710.0,74430.0,75210.0,165200,False
2021-01-22,75480.0,75480.0,74780.0,75210.0,131000,False
2021-01-25,75210.0,75830.0,74430.0,75210.0,144200,False
2021-01-26,75170.0,75170.0,72110.0,73660.0,227400,False
2021-01-27,72300.0,73620.0,70670.0,72420.0,227600,False
2021-01-28,69780.0,70250.0,67380.0,67380.0,284400,False
2021-01-29,65900.0,71250.0,62690.0,62690.0,508600,False
2021-02-01,67070.0,67070.0,67070.0,67070.0,109000,False
2021-02-02,69240.0,69780.0,68810.0,69390.0,459900,False
2021-02-03,69390.0,69780.0,69000.0,69390.0,240500,False
2021-02-04,69390.0,71720.0,69390.0,70590.0,296100,False
2021-02-05,70560.0,70630.0,70320.0,70520.0,112500,False
2021-02-08,71250.0,71250.0,66680.0,67450.0,141100,False
2021-02-09,67450.0,70130.0,67450.0,69860.0,129900,False
2021-02-17,69860.0,70560.0,69780.0,70320.0,162000,False
2021-02-18,70360.0,74630.0,70170.0,74630.0,195500,False
2021-02-19,74040.0,74630.0,73270.0,74320.0,150200,False
2021-02-22,72920.0,74200.0,72920.0,73660.0,101100,False
2021-02-23,73660.0,73660.0,71720.0,72110.0,224000,False
2021-02-24,72880.0,72880.0,71720.0,71830.0,58100,False
2021-02-25,72110.0,73270.0,71870.0,72690.0,92700,False
2021-02-26,72110.0,72880.0,71870.0,72880.0,62100,False
2021-03-01,72880.0,72920.0,71720.0,72800.0,111500,False
2021-03-02,73080.0,73080.0,70770.0,72450.0,105500,False
2021-03-03,72450.0,72450.0,71320.0,71440.0,103200,False
2021-03-04,71520.0,71590.0,67610.0,69560.0,219900,False
2021-03-05,69560.0,69560.0,68580.0,68980.0,178600,False
2021-03-08,69010.0,69170.0,68000.0,68390.0,203100,False
2021-03-09,68580.0,68580.0,67410.0,67610.0,167500,False
2021-03-10,67610.0,68000.0,67610.0,67720.0,182100,False
2021-03-11,68780.0,68980.0,68000.0,68780.0,193500,False
2021-03-12,69440.0,69560.0,68980.0,69560.0,65900,False
2021-03-15,69560.0,69640.0,68980.0,69170.0,114100,False
2021-03-16,69170.0,70660.0,69090.0,70580.0,91200,False
2021-03-17,69950.0,70580.0,69870.0,70030.0,93200,False
2021-03-18,70340.0,70660.0,70260.0,70580.0,66800,False
2021-03-19,70340.0,70340.0,69170.0,70340.0,75100,False
2021-03-22,70340.0,70340.0,69250.0,69950.0,40700,False
2021-03-23,68510.0,69640.0,68510.0,69560.0,41900,False
2021-03-24,68390.0,69560.0,68270.0,68580.0,50400,False
2021-03-25,69560.0,69560.0,68000.0,68390.0,146100,False
2021-03-26,67880.0,68390.0,67410.0,67610.0,108500,False
2021-03-29,67610.0,68000.0,67530.0,67720.0,102300,False
2021-03-30,67610.0,68580.0,67410.0,68390.0,100000,False
2021-03-31,68390.0,70340.0,66830.0,70340.0,168700,False
2021-04-01,70340.0,70340.0,69600.0,69950.0,177600,False
2021-04-02,69950.0,70340.0,69830.0,70340.0,85600,False
2021-04-05,70340.0,73860.0,69950.0,70150.0,285000,False
2021-04-06,70150.0,70340.0,68230.0,69560.0,172400,False
2021-04-07,69560.0,69560.0,68780.0,69170.0,127000,False
2021-04-08,69170.0,69170.0,67800.0,68000.0,147300,False
2021-04-09,68310.0,68510.0,68000.0,68000.0,183000,False
2021-04-12,69370.0,69370.0,68230.0,68390.0,168100,False
2021-04-13,68980.0,68980.0,67650.0,67760.0,173200,False
2021-04-14,67760.0,67960.0,67180.0,67490.0,183300,False
2021-04-15,67410.0,68310.0,67020.0,67100.0,159000,False
2021-04-16,66830.0,66830.0,65650.0,66080.0,165300,False
2021-04-19,66040.0,66430.0,64910.0,66430.0,153600,False
2021-04-20,66510.0,66860.0,66040.0,66430.0,186700,False
2021-04-22,66430.0,66630.0,65260.00000000001,65500.0,112600,False
2021-04-23,65580.0,66430.0,65180.00000000001,66430.0,175900,False
2021-04-26,67220.0,67220.0,64290.00000000001,66430.0,184400,False
2021-04-27,66430.0,66430.0,64640.0,66360.0,88700,False
2021-04-28,66360.0,66360.0,65150.00000000001,66360.0,141900,False
2021-04-29,66360.0,66360.0,64560.0,65300.0,170100,False
2021-05-04,65300.0,65300.0,62920.0,63000.0,278200,False
2021-05-05,63110.0,63110.0,62570.0,62680.0,264400,False
2021-05-06,62530.0,62680.0,60420.0,60960.0,362700,False
2021-05-07,60920.0,61240.0,59400.0,59790.0,199900,False
2021-05-10,58620.0,59520.0,58620.0,58810.0,235200,False
2021-05-11,59010.0,62530.0,59010.0,59480.0,238100,False
2021-05-12,59480.0,59710.0,59010.0,59280.0,91400,False
2021-05-13,59210.0,60650.0,58850.0,60260.0,394900,False
2021-05-14,60260.0,61350.0,60180.0,60530.0,242500,False
2021-05-17,60960.0,60960.0,60380.0,60380.0,214200,False
2021-05-18,60380.0,60570.0,59990.0,60180.0,248100,False
2021-05-19,60180.0,60260.0,59600.0,59990.0,180500,False
2021-05-20,59990.0,59990.0,59210.0,59440.0,122100,False
2021-05-21,59010.0,59400.0,58660.0,58700.0,170500,False
2021-05-24,59210.0,60650.0,58740.0,60140.0,182600,False
2021-05-25,60960.0,61750.0,60610.0,61710.0,174200,False
2021-05-26,61670.0,64209.99999999999,60960.0,64010.00000000001,160900,False
2021-05-27,64010.00000000001,64090.0,62530.0,63700.0,229100,False
2021-05-28,62530.0,64010.00000000001,62530.0,63110.0,186100,False
2021-05-31,62140.0,62720.0,60180.0,60770.0,169300,False
2021-06-01,59870.0,61040.0,59400.0,60180.0,127300,False
2021-06-02,59520.0,60180.0,59240.0,59400.0,149300,False
2021-06-03,59400.0,60180.0,59400.0,60140.0,207600,False
2021-06-04,60850.0,60850.0,59600.0,60070.0,197400,False
2021-06-07,60070.0,60960.0,59790.0,60610.0,163500,False
2021-06-08,60920.0,62610.0,60570.0,61280.0,312400,False
2021-06-09,61780.0,62530.0,60960.0,61320.0,94900,False
2021-06-10,61470.0,63500.0,61470.0,62530.0,690600,False
2021-06-11,62920.0,64440.0,62920.0,64129.99999999999,359400,False
2021-06-14,64129.99999999999,64870.00000000001,64129.99999999999,64680.00000000001,138600,False
2021-06-15,64290.00000000001,66630.0,63860.0,65850.0,268600,False
2021-06-16,65650.0,66040.0,64870.00000000001,66040.0,235800,False
2021-06-17,64680.00000000001,65610.0,64680.00000000001,64870.00000000001,82700,False
2021-06-18,65260.00000000001,67220.0,65069.99999999999,66900.0,163800,False
2021-06-21,67220.0,67220.0,66040.0,66430.0,119200,False
2021-06-22,67220.0,67220.0,65300.0,65300.0,207400,False
2021-06-23,65300.0,66830.0,65300.0,66510.0,186000,False
2021-06-24,66710.0,67330.0,66430.0,67180.0,148100,False
2021-06-25,67180.0,67220.0,65850.0,67180.0,110700,False
2021-06-28,67180.0,67220.0,66430.0,66860.0,184300,False
2021-06-29,66860.0,66860.0,66240.0,66280.0,90800,False
2021-06-30,66040.0,66280.0,65650.0,66080.0,86800,False
2021-07-01,66240.0,66240.0,64989.99999999999,65540.0,157000,False
2021-07-02,66160.0,66160.0,64989.99999999999,66120.0,104000,False
2021-07-05,66430.0,66430.0,64680.00000000001,65069.99999999999,64900,False
2021-07-06,65069.99999999999,65110.0,64090.0,64090.0,65200,False
2021-07-07,64090.0,64170.0,62680.0,63500.0,249800,False
2021-07-08,63000.0,63620.0,62960.0,63500.0,265000,False
2021-07-09,63700.0,63700.0,62530.0,62530.0,58300,False
2021-07-12,62530.0,62530.0,60180.0,62060.0,105800,False
2021-07-13,61750.0,61940.0,61000.0,61350.0,83700,False
2021-07-14,61350.0,63270.0,61350.0,62530.0,158200,False
2021-07-15,61750.0,62490.0,60960.0,62490.0,134400,False
2021-07-16,62490.0,62490.0,61750.0,61750.0,83900,False
2021-07-19,61350.0,61350.0,59990.0,60380.0,127000,False
2021-07-20,60380.0,61160.0,60180.0,60570.0,194300,False
2021-07-21,61160.0,61550.0,60960.0,61280.0,110500,False
2021-07-22,60770.0,61160.0,60690.0,61080.0,109500,False
2021-07-23,60960.0,61710.0,60030.0,60030.0,256800,False
2021-07-26,60030.0,60220.0,59790.0,59990.0,91000,False
2021-07-27,60960.0,62140.0,60180.0,60380.0,74000,False
2021-07-28,60460.0,60960.0,60380.0,60380.0,38500,False
2021-07-29,60420.0,61350.0,60420.0,61350.0,104800,False
2021-07-30,62290.0,62530.0,60960.0,62140.0,501300,False
2021-08-02,61670.0,61670.0,60570.0,60610.0,237200,False
2021-08-03,60960.0,60960.0,60690.0,60690.0,121000,False
2021-08-04,60960.0,61750.0,60960.0,61470.0,50200,False
2021-08-05,60770.0,61350.0,60530.0,60850.0,165900,False
2021-08-06,61390.0,61390.0,60610.0,60650.0,100900,False
2021-08-09,60650.0,61350.0,60610.0,60610.0,149100,False
2021-08-10,60650.0,61280.0,60220.0,60220.0,294100,False
2021-08-11,60570.0,60690.0,60260.0,60260.0,185900,False
2021-08-12,60220.0,60260.0,59830.0,59830.0,212000,False
2021-08-13,59830.0,59830.0,59240.0,59320.0,181200,False
2021-08-16,59320.0,59600.0,59170.0,59240.0,198600,False
2021-08-17,59240.0,59240.0,56670.0,56860.0,558200,False
2021-08-18,56980.0,58230.0,56980.0,57060.0,344800,False
2021-08-19,57250.0,57840.0,56740.0,57840.0,473300,False
2021-08-20,57720.0,57720.0,55880.0,55880.0,347100,False
2021-08-23,55880.0,55880.0,54710.0,54710.0,301500,False
2021-08-24,55100.0,55840.0,54630.0,55650.0,194300,False
2021-08-25,55650.0,57760.0,55650.0,57520.0,240000,False
2021-08-26,57490.0,57800.0,57250.0,57680.0,144900,False
2021-08-27,57560.0,58230.0,56940.0,58030.0,137300,False
2021-08-30,58030.0,58420.0,57450.0,57520.0,117800,False
2021-08-31,57520.0,58620.0,57250.0,58620.0,162700,False
2021-09-01,58500.0,58500.0,57840.0,58110.0,68500,False
2021-09-06,57640.0,58620.0,57640.0,58310.0,115800,False
2021-09-07,58420.0,58930.0,58030.0,58110.0,128900,False
2021-09-08,58150.0,58580.0,57950.0,58580.0,99900,False
2021-09-09,58660.0,58660.0,57880.0,58150.0,79700,False
2021-09-10,58110.0,59360.0,58110.0,59170.0,157900,False
2021-09-13,61160.0,63270.0,60770.0,63110.0,950000,False
2021-09-14,63270.0,66040.0,62720.0,64870.00000000001,368000,False
2021-09-15,64870.00000000001,64870.00000000001,61940.0,64870.00000000001,239700,False
2021-09-16,63740.0,63780.0,61940.0,62920.0,200200,False
2021-09-17,62530.0,62920.0,61590.0,62920.0,796700,False
2021-09-20,63310.0,63310.0,61860.0,61860.0,103500,False
2021-09-21,61780.0,62490.0,60960.0,61750.0,112100,False
2021-09-22,61940.0,62330.0,61750.0,61750.0,91500,False
2021-09-23,62840.0,62840.0,61710.0,61820.0,81000,False
2021-09-24,62410.0,62530.0,61820.0,62530.0,82100,False
2021-09-27,62530.0,62610.0,61670.0,62140.0,80500,False
2021-09-28,61750.0,61900.0,61350.0,61390.0,130500,False
2021-09-29,61470.0,61470.0,60220.0,61280.0,124500,False
2021-09-30,61160.0,61350.0,61040.0,61120.0,80000,False
2021-10-01,61160.0,61160.0,60180.0,60260.0,149400,False
2021-10-04,60300.0,62140.0,60260.0,60570.0,47900,False
2021-10-05,61900.0,62880.0,60610.0,62720.0,151600,False
2021-10-06,62530.0,62530.0,61510.0,61900.0,42300,False
2021-10-07,62140.0,62330.0,61470.0,61980.0,44000,False
2021-10-08,61980.0,63820.0,61550.0,63580.0,147700,False
2021-10-11,63700.0,64480.00000000001,63580.0,63700.0,79200,False
2021-10-12,64290.00000000001,64440.0,63310.0,63700.0,55700,False
2021-10-13,64050.0,64440.0,62840.0,62920.0,157900,False
2021-10-14,62920.0,64440.0,62370.0,62530.0,132300,False
2021-10-15,62610.0,63700.0,62610.0,63620.0,52900,False
2021-10-18,62920.0,63310.0,62210.0,62530.0,210800,False
2021-10-19,62570.0,62570.0,60960.0,61940.0,248200,False
2021-10-20,61940.0,62640.0,60610.0,60650.0,403600,False
2021-10-21,61040.0,61940.0,59400.0,59400.0,224700,False
2021-10-22,60380.0,61160.0,60340.0,61160.0,51800,False
2021-10-25,61160.0,61750.0,61160.0,61240.0,40000,False
2021-10-26,61320.0,61710.0,60730.0,60730.0,73200,False
2021-10-27,61470.0,62490.0,60960.0,62490.0,120600,False
2021-10-28,63310.0,64400.00000000001,62610.0,64319.99999999999,205900,False
2021-10-29,64319.99999999999,64319.99999999999,62720.0,62720.0,222200,False
2021-11-01,62800.0,63700.0,62800.0,63310.0,135000,False
2021-11-02,63620.0,64680.00000000001,63310.0,64560.0,126300,False
2021-11-03,64560.0,67530.0,64090.0,67450.0,344200,False
2021-11-04,66280.0,67450.0,65500.0,67140.0,106400,False
2021-11-05,65690.0,67220.0,65690.0,67220.0,103300,False
2021-11-08,67220.0,67960.0,66510.0,67880.0,139900,False
2021-11-09,67760.0,68000.0,66830.0,68000.0,62700,False
2021-11-10,68000.0,68000.0,66830.0,68000.0,37600,False
2021-11-11,67920.0,68350.0,67220.0,67220.0,56300,False
2021-11-12,67220.0,67960.0,67180.0,67220.0,35800,False
2021-11-15,67180.0,67610.0,66430.0,66430.0,29300,False
2021-11-16,66830.0,66830.0,65069.99999999999,66670.0,47000,False
2021-11-17,66710.0,66710.0,66040.0,66630.0,44500,False
2021-11-18,66790.0,66790.0,65730.0,65730.0,103400,False
2021-11-19,65730.0,66120.0,65260.00000000001,65300.0,42100,False
2021-11-22,65260.00000000001,66360.0,64090.0,65650.0,155100,False
2021-11-23,65690.0,66360.0,65379.99999999999,65650.0,30600,False
2021-11-24,65650.0,66040.0,64129.99999999999,65650.0,108200,False
2021-11-25,65650.0,65650.0,64480.00000000001,64480.00000000001,100600,False
2021-11-26,64720.0,64720.0,62530.0,62610.0,211800,False
2021-11-29,62530.0,62530.0,61000.0,61000.0,184300,False
2021-11-30,61080.0,62530.0,60180.0,60180.0,359300,False
2021-12-01,61750.0,61750.0,60420.0,61160.0,52000,False
2021-12-02,61160.0,62530.0,61160.0,62140.0,206600,False
2021-12-03,62140.0,62140.0,61350.0,61350.0,102100,False
2021-12-06,61280.0,61280.0,59240.0,59240.0,121600,False
2021-12-07,59320.0,60380.0,59320.0,59790.0,196400,False
2021-12-08,59830.0,60030.0,59670.0,59750.0,144500,False
2021-12-09,59790.0,60260.0,59560.0,59600.0,207900,False
2021-12-10,59600.0,60180.0,59360.0,59520.0,150200,False
2021-12-13,59790.0,59910.0,59520.0,59520.0,175100,False
2021-12-14,59520.0,60180.0,59400.0,59710.0,126400,False
2021-12-15,59790.0,59790.0,59480.0,59600.0,78900,False
2021-12-16,59520.0,59670.0,58850.0,59010.0,90400,False
2021-12-17,59010.0,59130.0,58620.0,58620.0,189300,False
2021-12-20,58660.0,58660.0,58150.0,58230.0,117100,False
2021-12-21,58230.0,58500.0,58150.0,58190.0,122000,False
2021-12-22,58230.0,58230.0,57640.0,57680.0,129400,False
2021-12-23,57560.0,57680.0,57370.0,57410.0,142700,False
2021-12-24,57250.0,58150.0,57130.0,57450.0,137800,False
2021-12-27,57560.0,59010.0,57520.0,57800.0,78300,False
2021-12-28,58420.0,58420.0,57640.0,57950.0,102000,False
2021-12-29,57950.0,57950.0,57720.0,57950.0,50300,False
2021-12-30,58230.0,58230.0,58030.0,58190.0,82100,False
2021-12-31,58190.0,62180.0,58190.0,59010.0,276600,False
2022-01-04,59400.0,61550.0,59400.0,61350.0,395300,False
2022-01-05,61750.0,62410.0,61750.0,62250.0,322300,False
2022-01-06,62140.0,62210.0,60960.0,61200.0,75300,False
2022-01-07,61240.0,61240.0,60210.0,60650.0,114100,False
2022-01-10,61000.0,61000.0,59810.0,60170.0,195900,False
2022-01-11,60170.0,60570.0,59580.0,60530.0,129700,False
2022-01-12,60490.0,60530.0,59740.0,60490.0,163300,False
2022-01-13,60570.0,60610.0,59780.0,59780.0,120000,False
2022-01-14,59380.0,60210.0,59380.0,60130.0,80400,False
2022-01-17,60170.0,61320.0,58980.0,59380.0,185000,False
2022-01-18,59420.0,60530.0,59420.0,59780.0,269400,False
2022-01-19,60170.0,60170.0,58980.0,59380.0,111500,False
2022-01-20,58390.0,60800.0,57950.0,59380.0,238100,False
2022-01-21,60130.0,60130.0,57400.0,58590.0,108700,False
2022-01-24,58710.0,58710.0,57200.0,57400.0,161600,False
2022-01-25,57360.0,58790.0,56570.0,57400.0,155900,False
2022-01-26,57400.0,57400.0,56610.0,56890.0,130100,False
2022-01-27,57400.0,58940.0,57000.0,58900.0,157500,False
2022-01-28,58900.0,59300.0,58230.0,58860.0,164800,False
2022-02-07,59180.0,61360.0,59180.0,60210.0,75700,False
2022-02-08,60760.0,61280.0,60130.0,61280.0,123100,False
2022-02-09,61120.0,61280.0,59780.0,60880.0,75900,False
2022-02-10,61280.0,62150.0,59890.0,62150.0,208500,False
2022-02-11,62190.0,63180.0,61560.0,63180.0,223800,False
2022-02-14,61440.0,66470.0,61440.0,66470.0,342500,False
2022-02-15,66430.0,67450.0,66070.0,67300.0,430400,False
2022-02-16,67420.0,67420.0,65319.99999999999,66660.0,107500,False
2022-02-17,66470.0,68170.0,66310.0,67490.0,311500,False
2022-02-18,66500.0,67260.0,66030.0,67060.0,189100,False
2022-02-21,66900.0,67300.0,66110.0,67140.0,105500,False
2022-02-22,66860.0,66860.0,63340.0,66660.0,118400,False
2022-02-23,66540.0,67450.0,66540.0,67220.0,150800,False
2022-02-24,65750.0,67450.0,65519.99999999999,67180.0,162700,False
2022-02-25,66980.0,67300.0,66500.0,67140.0,88000,False
2022-02-28,66900.0,67260.0,65950.0,67220.0,70600,False
2022-03-01,67220.0,67220.0,66310.0,66500.0,42900,False
2022-03-02,66700.0,67500.0,66300.0,67500.0,93200,False
2022-03-03,67300.0,67460.0,66740.0,66740.0,23700,False
2022-03-04,66300.0,66300.0,63910.0,63910.0,111700,False
2022-03-07,62910.0,63870.0,61150.0,61750.0,286400,False
2022-03-08,61230.0,62150.0,61190.0,62150.0,96800,False
2022-03-09,61790.0,64310.0,61510.0,61910.0,178800,False
2022-03-10,61910.0,63510.0,61910.0,62710.0,143000,False
2022-03-11,63430.0,63430.0,61390.0,61510.0,133700,False
2022-03-14,61110.0,61870.0,60310.0,61510.0,154500,False
2022-03-15,61510.0,61510.0,60110.0,60430.0,138100,False
2022-03-16,60510.0,61550.0,60190.0,61510.0,143000,False
2022-03-17,61510.0,61510.0,60790.0,61510.0,41700,False
2022-03-18,61790.0,61870.0,60510.0,60510.0,240200,False
2022-03-21,61470.0,61470.0,60750.0,60790.0,66500,False
2022-03-22,61430.0,61670.0,61030.0,61510.0,117300,False
2022-03-23,61510.0,63910.0,61070.0,62910.0,145400,False
2022-03-24,63030.0,63070.0,61910.0,63030.0,95200,False
2022-03-25,63110.0,63110.0,62270.0,62910.0,122600,False
2022-03-28,63150.0,63150.0,61510.0,62950.0,78100,False
2022-03-29,62950.0,63470.0,62030.0,63110.0,170100,False
2022-03-30,63110.0,63110.0,62470.0,63070.0,159900,False
2022-03-31,63070.0,63510.0,62870.0,63510.0,196900,False
2022-04-01,64110.0,66300.0,63550.0,66020.0,350200,False
2022-04-04,66620.0,66820.0,66100.0,66500.0,221400,False
2022-04-05,66500.0,66700.0,66300.0,66380.0,69400,False
2022-04-06,66300.0,67980.0,65140.0,67700.0,296600,False
2022-04-07,67420.0,67420.0,66500.0,66500.0,89600,False
2022-04-08,64550.0,66340.0,64550.0,65580.0,145200,False
2022-04-12,65540.0,66700.0,65220.0,65220.0,111700,False
2022-04-13,65260.00000000001,65900.0,64790.00000000001,65300.0,132800,False
2022-04-14,65459.99999999999,66700.0,64550.0,66660.0,100300,False
2022-04-15,66300.0,68220.0,66300.0,67340.0,220100,False
2022-04-18,67260.0,69100.0,67100.0,67900.0,779800,False
2022-04-19,67900.0,68300.0,66300.0,67460.0,319300,False
2022-04-20,67460.0,69060.0,66700.0,68700.0,322500,False
2022-04-21,67940.0,68620.0,66660.0,67780.0,501700,False
2022-04-22,67740.0,72450.0,63070.0,68020.0,373200,False
2022-04-25,67580.0,67580.0,63270.0,63270.0,258900,False
2022-04-26,60310.0,67620.0,60310.0,67500.0,440300,False
2022-04-27,64790.00000000001,67500.0,64790.00000000001,67500.0,146500,False
2022-04-28,65940.0,66700.0,65180.00000000001,65900.0,43700,False
2022-04-29,65660.0,66300.0,63910.0,64750.0,161500,False
2022-05-04,63830.0,65500.0,63830.0,65300.0,75900,False
2022-05-05,65300.0,67660.0,64390.0,67660.0,112300,False
2022-05-06,66300.0,67620.0,65900.0,66900.0,155000,False
2022-05-09,65220.0,66700.0,63910.0,63950.0,186100,False
2022-05-10,62830.0,65900.0,62710.0,65860.0,147000,False
2022-05-11,65820.0,66020.0,64709.99999999999,65300.0,159400,False
2022-05-12,65300.0,66540.0,64670.0,65860.0,239400,False
2022-05-13,65500.0,65900.0,61470.0,64980.00000000001,331600,False
2022-05-16,63510.0,64670.0,61710.0,63030.0,99700,False
2022-05-17,61430.0,66100.0,61110.0,66100.0,172300,False
2022-05-18,64709.99999999999,65019.99999999999,63510.0,64510.00000000001,155400,False
2022-05-19,62310.0,65060.0,62310.0,65060.0,138600,False
2022-05-20,63230.0,64190.0,62310.0,62510.0,166700,False
2022-05-23,62550.0,63110.0,61510.0,61550.0,96400,False
2022-05-24,61550.0,61910.0,61110.0,61510.0,178100,False
2022-05-25,61510.0,62150.0,61150.0,61510.0,196200,False
2022-05-26,61510.0,62190.0,60910.0,61110.0,227400,False
2022-05-27,61150.0,61790.0,60990.0,61510.0,228700,False
2022-05-30,61510.0,61870.0,60990.0,61270.0,140900,False
2022-05-31,61270.0,61790.0,60670.0,61310.0,170900,False
2022-06-01,60950.0,61710.0,60950.0,61150.0,359100,False
2022-06-02,61150.0,61510.0,60950.0,61110.0,114900,False
2022-06-03,61110.0,62630.0,61110.0,61990.0,258700,False
2022-06-06,61910.0,63470.0,61910.0,63310.0,221300,False
2022-06-07,63070.0,63870.0,62670.0,63870.0,137700,False
2022-06-08,63870.0,64790.00000000001,63070.0,63790.0,198900,False
2022-06-09,63790.0,63830.0,62710.0,62710.0,111000,False
2022-06-10,62710.0,63230.0,62510.0,62990.0,76800,False
2022-06-13,61910.0,61910.0,60590.0,61110.0,151500,False
2022-06-14,60710.0,60870.0,59750.0,59910.0,196400,False
2022-06-15,60710.0,60990.0,59910.0,60710.0,116800,False
2022-06-16,60910.0,63110.0,60910.0,62470.0,156700,False
2022-06-17,61070.0,62710.0,60310.0,62310.0,150800,False
2022-06-20,61110.0,61790.0,60510.0,60710.0,52400,False
2022-06-21,61310.0,63110.0,59510.0,61910.0,182900,False
2022-06-22,62990.0,62990.0,61510.0,62310.0,135500,False
2022-06-23,60550.0,61870.0,60550.0,61270.0,23500,False
2022-06-24,60790.0,62230.0,60790.0,62150.0,84000,False
2022-06-27,62310.0,62670.0,61910.0,62630.0,99100,False
2022-06-28,62630.0,62830.0,61030.0,62750.0,69100,False
2022-06-29,62750.0,62750.0,61310.0,61510.0,39300,False
2022-06-30,61510.0,62310.0,61510.0,61750.0,24300,False
2022-07-01,62190.0,62190.0,60910.0,61470.0,61500,False
2022-07-04,61510.0,61910.0,60910.0,61310.0,20800,False
2022-07-05,61830.0,61870.0,60230.0,60230.0,151300,False
2022-07-06,60230.0,61110.0,59910.0,60950.0,60300,False
2022-07-07,61070.0,62390.0,60470.0,62390.0,52100,False
2022-07-08,61070.0,62430.0,61070.0,61950.0,91500,False
2022-07-11,61350.0,61950.0,61110.0,61950.0,54500,False
2022-07-12,61030.0,61910.0,61030.0,61350.0,25900,False
2022-07-13,61190.0,62230.0,61190.0,61350.0,41700,False
2022-07-14,61110.0,61910.0,61110.0,61870.0,22400,False
2022-07-15,61510.0,61630.0,60950.0,61510.0,38500,False
2022-07-18,61230.0,61590.0,61190.0,61590.0,12000,False
2022-07-19,61710.0,62670.0,61190.0,62630.0,139000,False
2022-07-20,62910.0,63830.0,62630.0,63830.0,107200,False
2022-07-21,63910.0,66300.0,63910.0,65900.0,223300,False
2022-07-22,65500.0,67060.0,64310.0,66300.0,196400,False
2022-07-25,66300.0,66300.0,65099.99999999999,65900.0,130900,False
2022-07-26,64709.99999999999,67100.0,64709.99999999999,66980.0,165100,False
2022-07-27,67020.0,67020.0,66220.0,66980.0,116700,False
2022-07-28,67580.0,69900.0,67580.0,69100.0,233300,False
2022-07-29,70060.0,73690.0,70060.0,71890.0,170300,False
2022-08-01,72690.0,73490.0,72010.0,73090.0,214600,False
2022-08-02,72690.0,75050.0,72690.0,75010.0,230100,False
2022-08-03,74290.0,76290.0,73810.0,75850.0,240200,False
2022-08-04,75090.0,76010.0,71890.0,73890.0,292700,False
2022-08-05,72730.0,75890.0,72530.0,72930.0,219700,False
2022-08-08,73250.0,75090.0,71500.0,72290.0,147600,False
2022-08-09,73490.0,73490.0,71970.0,71970.0,138800,False
2022-08-10,72690.0,72690.0,71420.0,72690.0,135400,False
2022-08-11,73010.0,73770.0,71890.0,72690.0,198700,False
2022-08-12,72490.0,72890.0,72130.0,72690.0,109400,False
2022-08-15,72690.0,74690.0,72330.0,74290.0,242900,False
2022-08-16,74850.0,75290.0,74330.0,75090.0,192800,False
2022-08-17,75090.0,75370.0,73490.0,75290.0,200800,False
2022-08-18,75250.0,79040.0,74330.0,77290.0,330000,False
2022-08-19,76330.0,78330.0,76330.0,77890.0,104300,False
2022-08-22,78050.0,78050.0,76770.0,77490.0,87800,False
2022-08-23,77290.0,77890.0,75890.0,75890.0,89400,False
2022-08-24,75890.0,76810.0,74490.0,74690.0,123100,False
2022-08-25,74730.0,77010.0,74610.0,74890.0,61400,False
2022-08-26,74810.0,75290.0,73610.0,75090.0,91500,False
2022-08-29,73290.0,75850.0,73290.0,75090.0,106300,False
2022-08-30,75290.0,75490.0,74610.0,75050.0,57400,False
2022-08-31,75010.0,75250.0,74090.0,75050.0,126000,False
2022-09-05,75050.0,75130.0,74330.0,75090.0,105900,False
2022-09-06,75090.0,76170.0,75010.0,75330.0,103500,False
2022-09-07,75330.0,75490.0,74010.0,75090.0,128400,False
2022-09-08,75490.0,77130.0,75090.0,76570.0,168200,False
2022-09-09,76890.0,78090.0,76570.0,77410.0,226800,False
2022-09-12,77410.0,79000.0,77410.0,77890.0,228226,False
2022-09-13,77890.0,78570.0,76290.0,76290.0,164013,False
2022-09-14,75890.0,75890.0,73490.0,73490.0,237755,False
2022-09-15,73690.0,75090.0,73090.0,74010.0,200047,False
2022-09-16,75450.0,75450.0,73090.0,74010.0,189344,False
2022-09-19,74010.0,74890.0,73850.0,74010.0,147392,False
2022-09-20,74290.0,75690.0,74210.0,74890.0,82345,False
2022-09-21,74090.0,75690.0,73970.0,75090.0,46777,False
2022-09-22,75650.0,75650.0,74210.0,74690.0,103014,False
2022-09-23,75090.0,75090.0,74170.0,74690.0,140285,False
2022-09-26,74290.0,75090.0,73490.0,73890.0,130861,False
2022-09-27,74450.0,74450.0,73090.0,74010.0,90826,False
2022-09-28,73490.0,73810.0,69900.0,73090.0,78870,False
2022-09-29,74130.0,74130.0,72090.0,73010.0,63454,False
2022-09-30,71100.0,74490.0,71100.0,73890.0,95366,False
2022-10-03,72290.0,74290.0,72290.0,72770.0,77541,False
2022-10-04,72770.0,75450.0,72770.0,75090.0,206502,False
2022-10-05,75730.0,76290.0,74730.0,75490.0,265145,False
2022-10-06,73970.0,74490.0,73890.0,74210.0,54259,False
2022-10-07,73090.0,74690.0,73090.0,74690.0,178228,False
2022-10-10,74290.0,74330.0,72370.0,73690.0,211582,False
2022-10-11,73290.0,74090.0,72730.0,73290.0,158429,False
2022-10-12,74890.0,74890.0,73290.0,73290.0,60251,False
2022-10-13,73290.0,75890.0,72490.0,75890.0,195652,False
2022-10-14,77090.0,77090.0,73490.0,75250.0,99304,False
2022-10-17,74090.0,75810.0,73330.0,73930.0,66729,False
2022-10-18,75650.0,75810.0,74010.0,75810.0,180310,False
2022-10-19,75890.0,76250.0,75290.0,76250.0,114130,False
2022-10-20,75890.0,76650.0,75570.0,76410.0,114473,False
2022-10-21,76490.0,77890.0,75650.0,77090.0,177745,False
2022-10-24,78290.0,81080.0,72290.0,72290.0,280026,False
2022-10-25,73330.0,76890.0,73290.0,75010.0,252280,False
2022-10-26,77330.0,77330.0,74330.0,74330.0,150651,False
2022-10-27,74370.0,75450.0,73290.0,75050.0,222221,False
2022-10-28,75890.0,76130.0,74330.0,74330.0,85974,False
2022-10-31,75290.0,75290.0,72890.0,74010.0,105734,False
2022-11-01,74010.0,74650.0,73170.0,73330.0,170840,False
2022-11-02,73330.0,73330.0,71930.0,73290.0,165031,False
2022-11-03,73090.0,73090.0,72130.0,72690.0,63244,False
2022-11-04,72690.0,73890.0,71500.0,72690.0,117653,False
2022-11-07,72730.0,73490.0,72330.0,73490.0,196949,False
2022-11-08,73490.0,73570.0,73010.0,73090.0,169247,False
2022-11-09,73130.0,74210.0,73130.0,73690.0,145633,False
2022-11-10,74090.0,74290.0,73090.0,73690.0,167769,False
2022-11-11,75090.0,76650.0,74210.0,75010.0,162200,False
2022-11-14,75010.0,78250.0,72690.0,77890.0,240201,False
2022-11-15,77850.0,77850.0,74490.0,74490.0,159162,False
2022-11-16,72690.0,74290.0,72210.0,72210.0,271461,False
2022-11-17,73050.0,77250.0,71700.0,73090.0,282635,False
2022-11-18,74050.0,74090.0,71300.0,71580.0,295493,False
2022-11-21,72690.0,73490.0,71890.0,72930.0,73479,False
2022-11-22,72170.0,73890.0,71930.0,72370.0,103209,False
2022-11-23,72210.0,73090.0,72210.0,72690.0,54115,False
2022-11-24,73090.0,73090.0,71890.0,72090.0,152677,False
2022-11-25,72090.0,72770.0,71850.0,71890.0,144610,False
2022-11-28,66860.0,71890.0,66860.0,70740.0,297834,False
2022-11-29,70780.0,71850.0,69620.0,70300.0,310923,False
2022-11-30,71810.0,72170.0,70340.0,71890.0,288494,False
2022-12-01,71500.0,72090.0,69900.0,70060.0,378063,False
2022-12-02,70100.0,72210.0,70100.0,70700.0,307668,False
2022-12-05,70740.0,72290.0,70740.0,71780.0,167428,False
2022-12-06,71740.0,71890.0,71060.0,71300.0,250701,False
2022-12-07,70540.0,71850.0,70500.0,71500.0,214300,False
2022-12-08,71850.0,71890.0,70700.0,71100.0,188346,False
2022-12-09,71620.0,71620.0,70700.0,71100.0,217859,False
2022-12-12,71100.0,71850.0,71100.0,71220.0,236167,False
2022-12-13,71220.0,71700.0,71100.0,71100.0,362046,False
2022-12-14,71660.0,71780.0,70820.0,71500.0,252382,False
2022-12-15,71540.0,71810.0,71260.0,71500.0,139733,False
2022-12-16,71500.0,71500.0,70740.0,70740.0,426041,False
2022-12-19,70780.0,71300.0,69900.0,69900.0,162297,False
2022-12-20,70060.0,71720.0,69700.0,70100.0,306574,False
2022-12-21,69900.0,71480.0,69900.0,70910.0,173011,False
2022-12-22,71030.0,72090.0,71030.0,71030.0,123350,False
2022-12-23,71680.0,71720.0,70910.0,70910.0,75318,False
2022-12-26,71320.0,71680.0,70100.0,70100.0,220909,False
2022-12-27,71030.0,71480.0,69490.0,69490.0,138580,False
2022-12-28,69620.0,71520.0,69530.0,71520.0,157082,False
2022-12-29,70300.0,71200.0,70060.0,70060.0,103504,False
2022-12-30,70510.0,71280.0,67630.0,67630.0,167351,False
2023-01-03,69330.0,70300.0,68160.0,68480.0,121713,False
2023-01-04,68560.0,70510.0,68480.0,69490.0,116979,False
2023-01-05,69700.0,74360.0,69490.0,70590.0,255431,False
2023-01-06,71800.0,73990.0,70590.0,73220.0,130314,False
2023-01-09,72740.0,73750.0,71240.0,72780.0,47064,False
2023-01-10,72820.0,73020.0,71360.0,71360.0,101469,False
2023-01-11,72940.0,73710.0,72940.0,73340.0,155165,False
2023-01-12,73750.0,73750.0,72530.0,72860.0,30404,False
2023-01-13,72860.0,75530.0,72860.0,75330.0,218533,False
2023-01-16,76180.0,76950.0,75410.0,76380.0,105654,False
2023-01-17,76180.0,76380.0,73870.0,75770.0,88786,False
2023-01-18,77800.0,77800.0,75770.0,75770.0,75333,False
2023-01-19,76990.0,78210.0,75250.0,75250.0,201867,False
2023-01-27,75290.0,79020.0,75290.0,78250.0,133901,False
2023-01-30,78250.0,78250.0,76790.0,76990.0,178084,False
2023-01-31,75770.0,77310.0,75570.0,76580.0,55652,False
2023-02-01,76580.0,77190.0,75610.0,75770.0,170831,False
2023-02-02,76990.0,77600.0,75410.0,75980.0,88754,False
2023-02-03,75290.0,78120.0,75290.0,78120.0,105498,False
2023-02-06,77190.0,79180.0,77030.0,79180.0,79187,False
2023-02-07,77800.0,79830.0,77480.0,77480.0,28984,False
2023-02-08,76580.0,80430.0,76580.0,79910.0,110180,False
2023-02-09,79950.0,80640.0,77800.0,78530.0,50063,False
2023-02-10,79420.0,79420.0,76670.0,76750.0,70941,False
2023-02-13,76580.0,77760.0,75530.0,77760.0,88082,False
2023-02-14,78170.0,78170.0,75810.0,76180.0,51574,False
2023-02-15,76220.0,77600.0,76180.0,76580.0,77155,False
2023-02-16,76220.0,77190.0,76180.0,76870.0,27770,False
2023-02-17,76870.0,76990.0,75610.0,75810.0,45409,False
2023-02-20,77400.0,78170.0,76380.0,77070.0,69972,False
2023-02-21,76020.0,77310.0,76020.0,77190.0,84600,False
2023-02-22,77400.0,77400.0,75770.0,75770.0,82202,False
2023-02-23,76580.0,76630.0,74960.0,75810.0,78070,False
2023-02-24,75810.0,76830.0,74960.0,76580.0,98821,False
2023-02-27,76990.0,76990.0,75000.0,75090.0,57696,False
2023-02-28,76990.0,77110.0,75170.0,76180.0,96998,False
2023-03-01,75370.0,78000.0,75210.0,78000.0,41440,False
2023-03-02,76820.0,77390.0,76210.0,76620.0,38337,False
2023-03-03,77110.0,77110.0,75440.0,76170.0,92460,False
2023-03-06,78170.0,78170.0,75360.0,75360.0,76418,False
2023-03-07,75760.0,76990.0,75440.0,76130.0,122740,False
2023-03-08,75110.0,75970.0,75110.0,75970.0,97479,False
2023-03-09,75970.0,76210.0,75930.0,75970.0,216789,False
2023-03-10,75230.0,76210.0,75230.0,75600.0,266761,False
2023-03-13,76090.0,76170.0,75760.0,76170.0,353629,False
2023-03-14,76460.0,77390.0,76170.0,77390.0,261500,False
2023-03-15,77640.0,78000.0,77030.0,77190.0,233815,False
2023-03-16,77350.0,79840.0,76170.0,77800.0,308163,False
2023-03-17,77800.0,78210.0,77070.0,78210.0,407112,False
2023-03-20,77430.0,78290.0,75800.0,76990.0,42572,False
2023-03-21,76990.0,77390.0,75720.0,75760.0,141737,False
2023-03-22,75560.0,76940.0,74740.0,76370.0,181701,False
2023-03-23,76370.0,76660.0,75030.0,76580.0,86560,False
2023-03-24,75360.0,76660.0,75360.0,76500.0,130729,False
2023-03-27,75800.0,76580.0,75600.0,75760.0,58488,False
2023-03-28,75760.0,75970.0,75440.0,75760.0,59861,False
2023-03-29,76090.0,76090.0,74990.0,75520.0,60107,False
2023-03-30,75890.0,75890.0,75110.0,75360.0,70120,False
2023-03-31,75360.0,75680.0,74740.0,75230.0,66534,False
2023-04-03,74950.0,75150.0,73730.0,73730.0,94103,False
2023-04-04,73810.0,73970.0,72420.0,72500.0,165102,False
2023-04-05,72550.0,72550.0,71490.0,71890.0,167152,False
2023-04-06,72710.0,72710.0,71890.0,72060.0,147454,False
2023-04-07,72100.0,72460.0,71730.0,72100.0,65541,False
2023-04-10,72340.0,72340.0,71690.0,71930.0,193779,False
2023-04-11,71610.0,71770.0,71280.0,71280.0,131496,False
2023-04-12,70960.0,70960.0,69530.0,69650.0,336200,False
2023-04-13,69860.0,70350.0,68630.0,69040.0,186647,False
2023-04-14,69040.0,69250.0,68020.0,68020.0,276997,False
2023-04-17,67860.0,68020.0,66800.0,66800.0,233121,False
2023-04-18,67090.0,68430.0,67050.0,67540.0,180040,False
2023-04-19,68310.0,69650.0,67700.0,69410.0,329471,False
2023-04-20,69940.0,70630.0,69450.0,69450.0,246631,False
2023-04-21,70260.0,70300.0,69450.0,69450.0,170200,False
2023-04-24,69450.0,69730.0,69450.0,69690.0,126828,False
2023-04-25,69690.0,69730.0,68840.0,69650.0,197810,False
2023-04-26,69650.0,69860.0,69570.0,69650.0,177595,False
2023-04-27,69650.0,70880.0,69040.0,70880.0,154852,False
2023-04-28,71000.0,71200.0,70060.0,70060.0,75525,False
2023-05-04,70060.0,70060.0,67660.0,67860.0,108279,False
2023-05-05,67940.0,68230.0,67330.0,67410.0,110357,False
2023-05-08,67620.0,67940.0,67540.0,67820.0,68018,False
2023-05-09,68020.0,68020.0,67210.0,67250.0,79636,False
2023-05-10,67250.0,67540.0,67250.0,67290.0,101416,False
2023-05-11,67330.0,68840.0,66800.0,67010.0,164530,False
2023-05-12,67370.0,67490.0,66350.0,66760.0,149936,False
2023-05-15,67090.0,67450.0,66800.0,66840.0,119316,False
2023-05-16,67210.0,67210.0,66310.0,66390.0,73688,False
2023-05-17,66390.0,66390.0,66030.0,66190.0,103382,False
2023-05-18,66190.0,66390.0,65820.0,66110.0,180313,False
2023-05-19,66110.0,66110.0,65209.99999999999,65459.99999999999,76255,False
2023-05-22,65459.99999999999,65910.0,65250.0,65459.99999999999,66710,False
2023-05-23,65780.0,65910.0,64440.0,64769.99999999999,145123,False
2023-05-24,65010.00000000001,65129.99999999999,64560.0,64560.0,116581,False
2023-05-25,64560.0,64680.00000000001,63540.0,64360.0,98068,False
2023-05-26,64360.0,64360.0,63140.0,63340.0,71131,False
2023-05-29,63380.0,64110.0,63220.0,63260.0,91386,False
2023-05-30,63300.0,63670.0,63260.0,63540.0,145827,False
2023-05-31,63540.0,64560.0,63540.0,64360.0,158142,False
2023-06-01,63710.0,64769.99999999999,63710.0,64440.0,126346,False
2023-06-02,64970.0,64970.0,64190.0,64360.0,138837,False
2023-06-05,65170.0,65290.00000000001,64810.0,64930.00000000001,113557,False
2023-06-06,65129.99999999999,65209.99999999999,64890.0,65170.0,126962,False
2023-06-07,65209.99999999999,65290.00000000001,65010.00000000001,65090.0,205261,False
2023-06-08,65250.0,65250.0,64970.0,65090.0,158445,False
2023-06-09,65590.0,65590.0,64970.0,64970.0,27596,False
2023-06-12,65010.00000000001,66700.0,65010.00000000001,66610.0,109454,False
2023-06-13,66650.0,66700.0,66040.0,66530.0,84729,False
2023-06-14,66530.0,67230.0,66040.0,66610.0,203504,False
2023-06-15,66940.0,66940.0,65379.99999999999,65379.99999999999,108826,False
2023-06-16,66200.0,66200.0,63740.0,63740.0,235092,False
2023-06-19,64560.0,64560.0,64110.0,64480.00000000001,129833,False
2023-06-20,64480.00000000001,64480.00000000001,63820.0,63860.0,98003,False
2023-06-21,63860.0,64060.0,63490.0,63740.0,136951,False
2023-06-22,64150.00000000001,64150.00000000001,63650.0,63650.0,146129,False
2023-06-23,63650.0,64349.99999999999,63490.0,64349.99999999999,198714,False
2023-06-26,64930.00000000001,64930.00000000001,64150.00000000001,64150.00000000001,140069,False
2023-06-27,63980.0,64560.0,63490.0,63490.0,194770,False
2023-06-28,63900.0,63900.0,63570.0,63610.0,84963,False
2023-06-29,63820.0,63820.0,63320.0,63320.0,179854,False
2023-06-30,63490.0,63490.0,63120.0,63160.0,152764,False
2023-07-03,63320.0,63650.0,63120.0,63200.0,78380,False
2023-07-04,63200.0,63450.0,63080.0,63160.0,99059,False
2023-07-05,63240.0,63650.0,63160.0,63240.0,80027,False
2023-07-06,63240.0,63320.0,63080.0,63080.0,91589,False
2023-07-07,63160.0,63490.0,62050.0,62090.0,203825,False
2023-07-10,62130.0,62210.0,61680.0,61800.0,198740,False
2023-07-11,61680.0,62010.0,61680.0,61680.0,203662,False
2023-07-12,61680.0,62500.0,61680.0,62090.0,99205,False
2023-07-13,62170.0,63320.0,62170.0,63120.0,206883,False
2023-07-14,63160.0,63240.0,62950.0,63240.0,119440,False
2023-07-17,63450.0,63780.0,62910.0,63120.0,121321,False
2023-07-18,63240.0,63410.0,62750.0,62950.0,123270,False
2023-07-19,62950.0,63160.0,62830.0,62830.0,151271,False
2023-07-20,62830.0,63280.0,62790.0,62990.0,111083,False
2023-07-21,62950.0,62990.0,62670.0,62950.0,122520,False
2023-07-24,63040.0,63940.0,63040.0,63740.0,232461,False
2023-07-25,64060.0,65010.00000000001,63820.0,64970.0,379903,False
2023-07-26,64930.00000000001,66530.0,64930.00000000001,66450.0,199814,False
2023-07-27,66200.0,66410.0,65590.0,65870.0,151733,False
2023-07-28,65790.0,65870.0,64560.0,64560.0,324848,False
2023-07-31,64519.99999999999,65670.0,64390.0,64480.00000000001,275767,False
2023-08-01,65420.0,65790.0,64970.0,65129.99999999999,132722,False
2023-08-02,65500.0,65500.0,64849.99999999999,65340.0,122483,False
2023-08-03,65630.0,66410.0,65379.99999999999,66410.0,280516,False
2023-08-04,66820.0,66820.0,65590.0,66000.0,246191,False
2023-08-07,65870.0,66700.0,65630.0,66200.0,285605,False
2023-08-08,66740.0,66740.0,66040.0,66450.0,168973,False
2023-08-09,66450.0,66490.0,65910.0,66200.0,127854,False
2023-08-10,66330.0,66330.0,65790.0,66040.0,181110,False
2023-08-11,65790.0,66040.0,65170.0,65590.0,187621,False
2023-08-14,65379.99999999999,65630.0,64970.0,64970.0,163400,False
2023-08-15,64970.0,64970.0,64430.00000000001,64680.00000000001,147896,False
2023-08-16,65379.99999999999,65590.0,64560.0,64680.00000000001,218632,False
2023-08-17,64680.00000000001,64680.00000000001,63940.0,64019.99999999999,325963,False
2023-08-18,63940.0,65170.0,62790.0,63160.0,305826,False
2023-08-21,63530.0,63530.0,62500.0,62790.0,208436,False
2023-08-22,62790.0,63080.0,61680.0,61680.0,391792,False
2023-08-23,62710.0,62830.0,61680.0,61720.0,353811,False
2023-08-24,63690.0,63740.0,62990.0,63120.0,609870,False
2023-08-25,63860.0,65050.0,63610.0,64230.00000000001,431279,False
2023-08-28,64970.0,64970.0,64110.0,64269.99999999999,287470,False
2023-08-29,64349.99999999999,65500.0,64110.0,65010.00000000001,275818,False
2023-08-30,65590.0,66120.0,65260.00000000001,65710.0,280090,False
2023-08-31,65790.0,66000.0,64970.0,64970.0,295944,False
2023-09-05,65379.99999999999,65960.0,65170.0,65300.0,336249,False
2023-09-06,65090.0,65790.0,65090.0,65379.99999999999,239685,False
2023-09-07,65540.0,66200.0,65500.0,66000.0,235834,False
2023-09-08,66120.0,66530.0,65790.0,66040.0,286244,False
2023-09-11,66450.0,69860.0,66450.0,68870.0,846090,False
2023-09-12,69860.0,70110.0,69000.0,69450.0,483829,False
2023-09-13,69530.0,69820.0,68460.0,68590.0,686293,False
2023-09-14,72370.0,72370.0,69160.0,70070.0,1163769,False
2023-09-15,70730.0,70730.0,68340.0,68340.0,512171,False
2023-09-18,68340.0,68340.0,66120.0,66450.0,484644,False
2023-09-19,66370.0,67270.0,64560.0,64970.0,666746,False
2023-09-20,65050.0,66610.0,64970.0,66200.0,523433,False
2023-09-21,66280.0,67270.0,65790.0,65790.0,481004,False
2023-09-22,64970.0,65300.0,63490.0,64640.0,464405,False
2023-09-25,64720.0,65300.0,62500.0,62500.0,227565,False
2023-09-26,62500.0,62990.0,61680.0,61930.0,414487,False
2023-09-27,61930.0,62170.0,60770.0,60940.0,510277,False
2023-09-28,61020.0,61270.0,59540.0,59540.0,452919,False
2023-09-29,60030.0,60280.0,59540.0,59620.0,361434,False
2023-10-02,60280.0,60280.0,59710.0,60030.0,218669,False
2023-10-03,60200.0,60200.0,57810.0,57810.0,608829,False
2023-10-04,57570.0,57730.0,56990.0,57570.0,336122,False
2023-10-05,57730.0,58390.0,57160.0,57160.0,185500,False
2023-10-06,57160.0,57570.0,56170.0,57240.0,321281,False
2023-10-09,57320.0,57400.0,56580.0,56580.0,439058,False
2023-10-10,56740.0,57400.0,55920.0,56580.0,596943,False
2023-10-11,56580.0,56660.0,55760.0,55920.0,533399,False
2023-10-12,56250.0,56660.0,56090.0,56660.0,526803,False
2023-10-13,56500.0,57900.0,56090.0,57650.0,606209,False
2023-10-16,57650.0,59050.0,57650.0,58310.0,665224,False
2023-10-17,58800.0,58880.0,57480.0,57480.0,353145,False
2023-10-18,57480.0,57480.0,55510.0,56170.0,511837,False
2023-10-19,56170.0,56580.0,55760.0,56170.0,289806,False
2023-10-20,56250.0,57570.0,55920.0,57570.0,209811,False
2023-10-23,57570.0,57570.0,55760.0,55760.0,315753,False
2023-10-24,55680.0,57400.0,55680.0,56830.0,175642,False
2023-10-25,56740.0,57320.0,56330.0,56910.0,223692,False
2023-10-26,55920.0,56330.0,54280.0,54440.0,390174,False
2023-10-27,54200.0,54200.0,51070.0,51890.0,998568,False
2023-10-30,51890.0,51890.0,50000.0,50000.0,380510,False
2023-10-31,50080.0,50170.0,46630.0,46630.0,842881,False
2023-11-01,46880.0,47530.0,45150.0,47210.0,737226,False
2023-11-02,47620.0,50490.0,47620.0,50490.0,720414,False
2023-11-03,50490.0,53210.0,50490.0,52550.0,746541,False
2023-11-06,53040.0,54440.0,52550.0,54440.0,572517,False
2023-11-07,54520.0,54940.0,53370.0,53540.0,442456,False
2023-11-08,53870.0,53870.0,51480.0,53540.0,925486,False
2023-11-09,53870.0,54110.0,52300.0,52550.0,1036129,False
2023-11-10,52470.0,52470.0,51230.0,51320.0,741388,False
2023-11-13,51320.0,52220.0,50250.0,50410.0,574611,False
2023-11-14,50820.0,52060.0,50740.0,50990.0,735377,False
2023-11-15,51970.0,53040.0,51890.0,51970.0,1324511,False
2023-11-16,52390.0,53130.0,51970.0,52800.0,741541,False
2023-11-17,52880.0,53780.0,52140.0,52390.0,979081,False
2023-11-20,51560.0,52300.0,51400.0,51810.0,659933,False
2023-11-21,51970.0,52470.0,51730.0,51890.0,564067,False
2023-11-22,51890.0,52550.0,51890.0,52220.0,475292,False
2023-11-23,52300.0,52550.0,49670.0,49670.0,618168,False
2023-11-24,49750.0,51810.0,49750.0,51810.0,765112,False
2023-11-27,51400.0,52960.0,51320.0,52880.0,946921,False
2023-11-28,53040.0,53370.0,52140.0,53370.0,497673,False
2023-11-29,53370.0,54940.0,52800.0,54440.0,771466,False
2023-11-30,54110.0,54610.0,53460.0,53460.0,550389,False
2023-12-01,53460.0,53620.0,52720.0,53460.0,288446,False
2023-12-04,53460.0,54200.0,52800.0,53210.0,552915,False
2023-12-05,53870.0,53870.0,52630.0,52630.0,402334,False
2023-12-06,52630.0,53700.0,52630.0,53620.0,288994,False
2023-12-07,54200.0,54200.0,53460.0,53950.0,627406,False
2023-12-08,54280.0,54280.0,53540.0,53950.0,556866,False
2023-12-11,54030.0,54360.0,53540.0,53870.0,384307,False
2023-12-12,53870.0,54200.0,53370.0,53460.0,361335,False
2023-12-13,53620.0,54110.0,52630.0,52630.0,747146,False
2023-12-14,52960.0,53370.0,51810.0,51810.0,427966,False
2023-12-15,51890.0,52300.0,51650.0,51650.0,845260,False
2023-12-18,51730.0,51730.0,50410.0,50580.0,592149,False
2023-12-19,50910.0,51400.0,50580.0,51150.0,528498,False
2023-12-20,51150.0,51560.0,50910.0,50990.0,565769,False
2023-12-21,50580.0,51150.0,50580.0,50990.0,445382,False
2023-12-22,50990.0,51070.0,50580.0,50580.0,640727,False
2023-12-25,50490.0,51890.0,50490.0,50990.0,547509,False
2023-12-26,51230.0,51810.0,51230.0,51560.0,358033,False
2023-12-27,51730.0,52060.0,51070.0,51070.0,647201,False
2023-12-28,51480.0,51890.0,51150.0,51150.0,868844,False
2023-12-29,51810.0,52220.0,51560.0,51810.0,1569131,False
2024-01-02,52550.0,52880.0,52060.0,52220.0,771225,False
2024-01-03,52390.0,52390.0,51970.0,52220.0,558138,False
2024-01-04,52390.0,52730.0,52390.0,52560.0,774491,False
2024-01-05,52560.0,52560.0,51880.0,52140.0,709246,False
2024-01-08,52140.0,52470.0,52140.0,52300.0,655600,False
2024-01-09,52220.0,52470.0,51800.0,51880.0,559039,False
2024-01-10,51880.0,51880.0,51040.0,51210.0,822458,False
2024-01-11,51210.0,52050.0,51210.0,51720.0,489824,False
2024-01-12,51720.0,51720.0,50960.0,51460.0,498278,False
2024-01-15,51380.0,51800.0,50870.0,50870.0,443433,False
2024-01-16,50960.0,51040.0,50620.0,50870.0,266902,False
2024-01-17,50870.0,51040.0,50700.0,50870.0,470452,False
2024-01-18,51130.0,51130.0,50870.0,50960.0,446740,False
2024-01-19,52050.0,52050.0,51210.0,51720.0,715634,False
2024-01-22,51880.0,51880.0,51210.0,51290.0,360503,False
2024-01-23,51290.0,51380.0,50790.0,50790.0,346852,False
2024-01-24,50790.0,50960.0,50620.0,50790.0,472781,False
2024-01-25,50790.0,50870.0,49530.0,49530.0,1395775,False
2024-01-26,49690.0,49780.0,47920.0,48260.0,2068422,False
2024-01-29,48260.0,49690.0,48260.0,48770.0,702548,False
2024-01-30,48850.0,48850.0,48180.0,48180.0,733465,False
2024-01-31,48260.0,48770.0,47420.0,47420.0,1098018,False
2024-02-01,47500.0,48600.0,47500.0,48430.0,592985,False
2024-02-02,48510.0,48770.0,48010.0,48010.0,544853,False
2024-02-05,48180.0,48350.0,47920.0,48010.0,883732,False
2024-02-06,48010.0,48350.0,47840.0,48260.0,671760,False
2024-02-07,48260.0,48770.0,48090.0,48680.0,569318,False
2024-02-15,48770.0,49530.0,48770.0,49190.0,865475,False
2024-02-16,49270.0,49440.0,48680.0,48850.0,1079912,False
2024-02-19,48850.0,48940.0,48180.0,48770.0,1269141,False
2024-02-20,49100.0,50200.0,48850.0,49360.0,1644045,False
2024-02-21,49690.0,49690.0,48770.0,48940.0,1133039,False
2024-02-22,48940.0,49270.0,48770.0,48850.0,789630,False
2024-02-23,48850.0,49020.0,47920.0,48010.0,1500691,False
2024-02-26,48180.0,48350.0,47500.0,47670.0,810486,False
2024-02-27,47670.0,47670.0,47000.0,47420.0,1760729,False
2024-02-28,47590.0,48600.0,47590.0,48600.0,1091315,False
2024-02-29,48850.0,49860.0,48770.0,49270.0,2672516,False
2024-03-01,49530.0,49610.0,48940.0,49360.0,848894,False
2024-03-04,49440.0,49690.0,49020.0,49100.0,1253807,False
2024-03-05,49190.0,49610.0,48770.0,49610.0,1004691,False
2024-03-06,49860.0,52050.0,49780.0,51630.0,4282708,False
2024-03-07,51630.0,52470.0,50790.0,51040.0,2510848,False
2024-03-08,51290.0,51460.0,50110.0,50540.0,1826294,False
2024-03-11,50540.0,50960.0,49690.0,49950.0,2347402,False
2024-03-12,49950.0,50540.0,49690.0,49780.0,1291139,False
2024-03-13,49950.0,50200.0,49360.0,50200.0,1487461,False
2024-03-14,50450.0,50540.0,49440.0,49440.0,1459529,False
2024-03-15,49440.0,49530.0,48350.0,48850.0,2038776,False
2024-03-18,48940.0,49360.0,47250.0,47760.0,1834550,False
2024-03-19,48260.0,48350.0,47670.0,47920.0,654999,False
2024-03-20,48010.0,48090.0,47500.0,47920.0,740367,False
2024-03-21,48350.0,48510.0,48090.0,48180.0,738922,False
2024-03-22,48430.0,48510.0,48090.0,48260.0,699223,False
2024-03-25,48260.0,48600.0,47840.0,48010.0,1086958,False
2024-03-26,48010.0,48180.0,47670.0,47920.0,911011,False
2024-03-27,48010.0,48680.0,47920.0,48430.0,599038,False
2024-03-28,48430.0,48430.0,47920.0,48180.0,1075768,False
2024-03-29,48350.0,48350.0,47760.0,47760.0,619285,False
2024-04-01,47760.0,48090.0,47670.0,47840.0,601752,False
2024-04-02,47920.0,47920.0,47420.0,47500.0,1027947,False
2024-04-03,47500.0,47760.0,47170.0,47170.0,1442526,False
2024-04-04,47340.0,47670.0,47340.0,47590.0,992434,False
2024-04-05,47590.0,47590.0,47250.0,47250.0,948368,False
2024-04-08,47340.0,47340.0,46580.0,46580.0,1059929,False
2024-04-09,46660.0,46750.0,46240.0,46320.0,1019501,False
2024-04-10,46580.0,46750.0,46410.0,46580.0,523727,False
2024-04-11,46410.0,46830.0,46320.0,46660.0,494541,False
2024-04-12,46750.0,47420.0,46660.0,47170.0,957696,False
2024-04-15,47170.0,47170.0,45900.0,46320.0,928473,False
2024-04-16,46320.0,46320.0,44640.0,46160.0,1106910,False
2024-04-17,46160.0,46240.0,45480.0,45480.0,365654,False
2024-04-19,45230.0,45400.0,43800.0,44220.0,1186092,False
2024-04-22,44980.0,45230.0,44640.0,44810.0,357262,False
2024-04-23,45060.0,45150.0,44050.0,44640.0,374165,False
2024-04-24,44890.0,45310.0,44720.0,45150.0,467705,False
2024-04-25,45150.0,46750.0,45150.0,45820.0,1108298,False
2024-04-26,45820.0,46580.0,45570.0,45820.0,705831,False
2024-05-02,45990.0,47760.0,45900.0,47670.0,1581939,False
2024-05-03,48010.0,48090.0,47670.0,47760.0,785771,False
2024-05-06,47760.0,48430.0,47590.0,48010.0,885971,False
2024-05-07,48010.0,48770.0,47590.0,48600.0,914627,False
2024-05-08,48510.0,50540.0,48010.0,49610.0,2245283,False
2024-05-09,49610.0,49690.0,48430.0,48510.0,1041286,False
2024-05-10,48600.0,48940.0,48260.0,48510.0,785226,False
2024-05-13,48510.0,48770.0,47760.0,47920.0,726625,False
2024-05-14,48010.0,48430.0,47920.0,48090.0,479856,False
2024-05-15,48180.0,48850.0,48180.0,48510.0,897218,False
2024-05-16,48600.0,48940.0,48430.0,48430.0,770210,False
2024-05-17,48680.0,49610.0,48430.0,48940.0,1435808,False
2024-05-20,48940.0,49530.0,48680.0,48680.0,669938,False
2024-05-21,48680.0,49530.0,48430.0,48850.0,1172188,False
2024-05-22,49100.0,49360.0,48430.0,48430.0,928020,False
2024-05-23,48680.0,50280.0,48430.0,50110.0,1913528,False
2024-05-24,50110.0,50110.0,48680.0,48850.0,1323587,False
2024-05-27,48850.0,49360.0,48850.0,49270.0,654768,False
2024-05-28,49440.0,51380.0,49190.0,51380.0,2527809,False
2024-05-29,51380.0,51630.0,50790.0,50960.0,1469001,False
2024-05-30,50200.0,50540.0,49100.0,49950.0,1668613,False
2024-05-31,49950.0,49950.0,49100.0,49100.0,1492986,False
2024-06-03,49690.0,50620.0,49440.0,50030.0,1129204,False
2024-06-04,50280.0,51970.0,50110.0,51720.0,2339781,False
2024-06-05,52220.0,55250.0,52050.0,55250.0,2901042,False
2024-06-06,56010.0,57700.0,54920.0,55170.0,2273096,False
2024-06-07,55250.0,58450.0,55250.0,57190.0,2580958,False
2024-06-10,57780.0,57780.0,56350.0,57020.0,2029091,False
2024-06-11,57020.0,57440.0,56180.0,56940.0,1732213,False
2024-06-12,56940.0,56940.0,55930.0,56430.0,1707976,False
2024-06-13,56680.0,56680.0,55170.0,55250.0,1818241,False
2024-06-14,54580.0,54830.0,52730.0,53400.0,3856141,False
2024-06-17,53400.0,54240.0,52730.0,53570.0,1937986,False
2024-06-18,53740.0,53900.0,53230.0,53570.0,739771,False
2024-06-19,53570.0,53820.0,52050.0,52220.0,1466010,False
2024-06-20,52470.0,52890.0,51040.0,52300.0,949225,False
2024-06-21,52730.0,52890.0,51800.0,51800.0,961163,False
2024-06-24,52300.0,52980.0,51130.0,51800.0,950847,False
2024-06-25,51800.0,52050.0,49950.0,51040.0,1151267,False
2024-06-26,51040.0,51210.0,50370.0,50540.0,848970,False
2024-06-27,50870.0,51970.0,50450.0,51040.0,1076865,False
2024-06-28,51380.0,51630.0,50540.0,50540.0,948163,False
2024-07-01,51040.0,51290.0,50700.0,51290.0,279436,False
2024-07-02,51380.0,51550.0,51130.0,51550.0,425339,False
2024-07-03,51630.0,51800.0,51380.0,51800.0,450660,False
2024-07-04,52300.0,52300.0,51380.0,51380.0,680572,False
2024-07-05,51810.0,51900.0,50510.0,50510.0,1114172,False
2024-07-08,50510.0,50510.0,48510.0,49110.0,1319623,False
2024-07-09,49200.0,50940.0,48510.0,49900.0,1503849,False
2024-07-10,49990.0,50160.0,49110.0,49110.0,585180,False
2024-07-11,49550.0,49550.0,48940.0,49030.0,561841,False
2024-07-12,49200.0,49200.0,48510.0,48770.0,481863,False
2024-07-15,49110.0,49110.0,48510.0,48590.0,403189,False
2024-07-16,48590.0,48850.0,48420.0,48590.0,889460,False
2024-07-17,48590.0,48850.0,46760.0,47020.0,1129315,False
2024-07-18,47200.0,48330.0,46590.0,47290.0,1204348,False
2024-07-19,47290.0,48160.0,47290.0,48070.0,729070,False
2024-07-22,48070.0,49200.0,47630.0,48510.0,991338,False
2024-07-23,48510.0,48510.0,47630.0,47630.0,440069,False
2024-07-24,47810.0,47810.0,46940.0,47550.0,383745,False
2024-07-25,47810.0,47810.0,46760.0,47020.0,416835,False
2024-07-26,47630.0,48510.0,47460.0,47900.0,1302739,False
2024-07-29,48330.0,48420.0,47810.0,47810.0,427869,False
2024-07-30,47630.0,48330.0,47630.0,47720.0,714980,False
2024-07-31,47720.0,48420.0,47630.0,48240.0,926790,False
2024-08-01,48590.0,50070.0,47900.0,47900.0,1287112,False
2024-08-02,47900.0,48240.0,47460.0,47980.0,597713,False
2024-08-05,47630.0,47810.0,45280.0,45280.0,1610509,False
2024-08-06,45980.0,47020.0,45370.0,46420.0,739511,False
2024-08-07,46940.0,46940.0,45890.0,46070.0,704520,False
2024-08-08,46150.0,46850.0,45980.0,45980.0,892690,False
2024-08-09,46500.0,47200.0,46420.0,46680.0,471196,False
2024-08-12,46850.0,47370.0,46500.0,47020.0,543216,False
2024-08-13,47460.0,47720.0,46850.0,47290.0,733098,False
2024-08-14,47370.0,49380.0,47290.0,48510.0,1650379,False
2024-08-15,48590.0,49200.0,48510.0,48510.0,900634,False
2024-08-16,48420.0,49200.0,48330.0,49030.0,947192,False
2024-08-19,49030.0,50330.0,48850.0,50330.0,1179493,False
2024-08-20,50330.0,50940.0,49900.0,50510.0,971449,False
2024-08-21,50510.0,50510.0,49810.0,49990.0,778118,False
2024-08-22,50160.0,50330.0,49290.0,49640.0,787152,False
2024-08-23,49290.0,50070.0,49290.0,49550.0,651830,False
2024-08-26,49550.0,50250.0,49380.0,49380.0,579282,False
2024-08-27,49380.0,49990.0,49380.0,49640.0,693562,False
2024-08-28,49720.0,50600.0,49640.0,49990.0,998976,False
2024-08-29,49990.0,50680.0,49990.0,49990.0,825079,False
2024-08-30,50250.0,50940.0,49990.0,50070.0,1405777,False
2024-09-04,49810.0,50250.0,49640.0,49810.0,698805,False
2024-09-05,49900.0,50680.0,49380.0,49640.0,824912,False
2024-09-06,49640.0,49900.0,49380.0,49380.0,454555,False
2024-09-09,49380.0,49550.0,48420.0,48940.0,1130284,False
2024-09-10,49290.0,49550.0,48160.0,48160.0,1290342,False
2024-09-11,48510.0,48510.0,47900.0,48240.0,650046,False
2024-09-12,49110.0,49200.0,48160.0,48240.0,626039,False
2024-09-13,48330.0,49030.0,48330.0,48850.0,538500,False
2024-09-16,48510.0,49110.0,48510.0,48590.0,567335,False
2024-09-17,48510.0,49200.0,48510.0,49200.0,361624,False
2024-09-18,49200.0,49290.0,48850.0,48850.0,467194,False
2024-09-19,49030.0,49380.0,48940.0,49200.0,359188,False
2024-09-20,49460.0,49990.0,49200.0,49990.0,946980,False
2024-09-23,50070.0,50330.0,49720.0,49990.0,647059,False
2024-09-24,50250.0,50330.0,49810.0,50070.0,598950,False
2024-09-25,50070.0,50250.0,49900.0,49990.0,337827,False
2024-09-26,50070.0,50940.0,50070.0,50600.0,1092122,False
2024-09-27,50770.0,51200.0,50420.0,50940.0,794975,False
2024-09-30,51200.0,51200.0,50250.0,50330.0,551979,False
2024-10-01,50510.0,50510.0,50160.0,50330.0,559796,False
2024-10-02,50330.0,50330.0,49460.0,49550.0,635976,False
2024-10-03,49810.0,50250.0,49460.0,49460.0,606980,False
2024-10-04,49460.0,49640.0,49290.0,49290.0,381631,False
2024-10-07,49290.0,49720.0,49200.0,49380.0,415370,False
2024-10-08,49380.0,49550.0,48850.0,49030.0,515238,False
2024-10-09,49110.0,49290.0,48680.0,49110.0,614267,False
2024-10-10,49290.0,50420.0,49200.0,50250.0,686131,False
2024-10-11,50420.0,50680.0,49990.0,50070.0,379916,False
2024-10-14,50160.0,50250.0,49720.0,49810.0,335870,False
2024-10-15,49810.0,50680.0,49720.0,49720.0,643033,False
2024-10-16,49720.0,50330.0,49720.0,50330.0,532258,False
2024-10-17,50510.0,50510.0,49550.0,49900.0,295177,False
2024-10-18,50070.0,50600.0,49900.0,49990.0,245623,False
2024-10-21,49990.0,50160.0,49200.0,49290.0,646129,False
2024-10-22,49110.0,49200.0,48680.0,48770.0,646802,False
2024-10-23,48770.0,49200.0,48420.0,48770.0,369549,False
2024-10-24,48770.0,48770.0,48510.0,48680.0,228441,False
2024-10-25,48680.0,48770.0,48070.0,48330.0,449639,False
2024-10-28,48420.0,48420.0,48160.0,48330.0,239241,False
2024-10-29,48330.0,48510.0,48070.0,48240.0,258706,False
2024-10-30,48330.0,48510.0,47980.0,48070.0,357569,False
2024-10-31,48160.0,48940.0,48070.0,48070.0,486669,False
2024-11-01,48420.0,48850.0,48160.0,48160.0,437469,False
2024-11-04,48680.0,48850.0,48330.0,48330.0,457210,False
2024-11-05,48680.0,48850.0,48240.0,48330.0,271783,False
2024-11-06,48510.0,48770.0,48330.0,48590.0,391840,False
2024-11-07,48770.0,48850.0,48420.0,48420.0,294992,False
2024-11-08,48510.0,48680.0,48070.0,48070.0,516840,False
2024-11-11,48160.0,48590.0,48070.0,48160.0,446755,False
2024-11-12,48240.0,49990.0,48240.0,49290.0,1042873,False
2024-11-13,49380.0,49640.0,49030.0,49460.0,314754,False
2024-11-14,49460.0,49460.0,48770.0,48850.0,298923,False
2024-11-15,48770.0,48850.0,48330.0,48330.0,386405,False
2024-11-18,49030.0,49030.0,48160.0,48330.0,471821,False
2024-11-19,48770.0,48770.0,47900.0,47900.0,497799,False
2024-11-20,47630.0,48330.0,47630.0,48330.0,414956,False
2024-11-21,48420.0,48420.0,47980.0,48160.0,243542,False
2024-11-22,48160.0,48770.0,48160.0,48240.0,382698,False
2024-11-25,48680.0,48770.0,48330.0,48330.0,389157,False
2024-11-26,48420.0,49030.0,48420.0,48850.0,718632,False
2024-11-27,48850.0,49290.0,48850.0,48850.0,433356,False
2024-11-28,49110.0,49200.0,48330.0,48330.0,342689,False
2024-11-29,48330.0,48850.0,48070.0,48850.0,436443,False
2024-12-02,48940.0,49550.0,48770.0,48940.0,355817,False
2024-12-03,48940.0,49030.0,48590.0,48940.0,374807,False
2024-12-04,48940.0,50510.0,48770.0,49990.0,1382180,False
2024-12-05,50160.0,50510.0,49550.0,50070.0,677051,False
2024-12-06,50250.0,50940.0,49900.0,50250.0,1070661,False
2024-12-09,50250.0,50420.0,49810.0,50070.0,462824,False
2024-12-10,50070.0,50770.0,49990.0,50600.0,735884,False
2024-12-11,50680.0,50860.0,50160.0,50160.0,817854,False
2024-12-12,50160.0,50600.0,50070.0,50070.0,507667,False
2024-12-13,50070.0,50250.0,49810.0,49990.0,462050,False
2024-12-16,49990.0,50160.0,49810.0,49900.0,206963,False
2024-12-17,50070.0,50160.0,49640.0,49900.0,340000,False
2024-12-18,49900.0,50160.0,49900.0,49990.0,270169,False
2024-12-19,49640.0,49900.0,49110.0,49550.0,770702,False
2024-12-20,49550.0,49720.0,49110.0,49200.0,778955,False
2024-12-23,49640.0,50600.0,49380.0,49810.0,588678,False
2024-12-24,49900.0,50070.0,49640.0,49810.0,511338,False
2024-12-25,50070.0,50330.0,49810.0,49990.0,845934,False
2024-12-26,49800.0,50520.0,49800.0,50250.0,867303,False
2024-12-27,50340.0,50340.0,49710.0,50340.0,633109,False
2024-12-30,50250.0,50610.0,49800.0,50610.0,479261,False
2024-12-31,50430.0,50430.0,50070.0,50070.0,366340,False
2025-01-02,50340.0,50340.0,49710.0,50160.0,359447,False
2025-01-03,50160.0,50250.0,49620.0,49620.0,367540,False
2025-01-06,49530.0,50250.0,48360.0,48360.0,942417,False
2025-01-07,48450.0,48900.0,48450.0,48450.0,403696,False
2025-01-08,48450.0,48630.0,48360.0,48450.0,496812,False
2025-01-09,48450.0,48720.0,48270.0,48360.0,411589,False
2025-01-10,48360.0,48720.0,48360.0,48360.0,475785,False
2025-01-13,48180.0,49080.0,48090.0,48810.0,462553,False
2025-01-14,48720.0,49170.0,48720.0,49170.0,329356,False
2025-01-15,49620.0,49620.0,49080.0,49620.0,331944,False
2025-01-16,49440.0,49980.0,48540.0,48720.0,572692,False
2025-01-17,48630.0,49620.0,48000.0,48180.0,638356,False
2025-01-20,48360.0,48900.0,48360.0,48810.0,200734,False
2025-01-21,49080.0,49080.0,48270.0,48360.0,258460,False
2025-01-22,48630.0,48810.0,48360.0,48450.0,201578,False
2025-01-23,48720.0,48810.0,48360.0,48720.0,235547,False
2025-01-24,48450.0,48810.0,48450.0,48540.0,303212,False
2025-02-03,48360.0,48540.0,47460.0,47550.0,599809,False
2025-02-04,47640.0,47820.0,47280.0,47550.0,438773,False
2025-02-05,47640.0,47910.0,47550.0,47910.0,270329,False
2025-02-06,48000.0,48000.0,47550.0,47550.0,353492,False
2025-02-07,47550.0,47640.0,47190.0,47280.0,768918,False
2025-02-10,47100.0,47280.0,46920.0,47100.0,645306,False
2025-02-11,47010.0,47100.0,46460.0,46550.0,748820,False
2025-02-12,46650.0,46920.0,46650.0,46830.0,90829,False
2025-02-13,46830.0,46920.0,46650.0,46650.0,275121,False
2025-02-14,47280.0,47280.0,46460.0,46550.0,669129,False
2025-02-17,46460.0,46550.0,46010.0,46100.0,1116717,False
2025-02-18,46100.0,46460.0,46010.0,46190.0,489998,False
2025-02-19,46190.0,46370.0,46100.0,46280.0,871238,False
2025-02-20,46460.0,46550.0,46280.0,46370.0,580621,False
2025-02-21,46550.0,47100.0,46370.0,46740.0,752662,False
2025-02-24,46740.0,47280.0,46740.0,47280.0,714423,False
2025-02-25,48270.0,48270.0,47010.0,47280.0,484840,False
2025-02-26,47370.0,47370.0,46920.0,47100.0,648180,False
2025-02-27,47100.0,47190.0,46740.0,47100.0,457504,False
2025-02-28,46920.0,47190.0,46460.0,46460.0,929250,False
2025-03-03,46920.0,46920.0,46460.0,46650.0,580641,False
2025-03-04,46650.0,47010.0,46460.0,46920.0,736474,False
2025-03-05,46920.0,47010.0,46550.0,46740.0,480945,False
2025-03-06,46740.0,46830.0,46280.0,46370.0,1209978,False
2025-03-07,46830.0,46920.0,46100.0,46190.0,1426240,False
2025-03-10,46460.0,46650.0,46010.0,46370.0,1215216,False
2025-03-11,46280.0,46370.0,45920.0,46190.0,1573015,False
2025-03-12,46010.0,46460.0,46010.0,46100.0,1576565,False
2025-03-13,46100.0,46460.0,46010.0,46100.0,1125931,False
2025-03-14,46280.0,47280.0,46190.0,46550.0,1389247,False
2025-03-17,46920.0,47010.0,46370.0,46550.0,739736,False
2025-03-18,46550.0,46830.0,46100.0,46100.0,1621031,False
2025-03-19,46280.0,46280.0,45830.0,45830.0,2189365,False
2025-03-20,45920.0,46100.0,45560.0,45650.0,1385485,False
2025-03-21,45830.0,45830.0,45380.0,45380.0,1205632,False
2025-03-24,45380.0,45470.0,45020.0,45020.0,1550897,False
2025-03-25,45200.0,45290.0,44710.0,44710.0,1606302,False
2025-03-26,44710.0,45200.0,44570.0,44710.0,1264845,False
2025-03-27,44710.0,44840.0,44620.0,44710.0,988961,False
2025-03-28,44750.0,44840.0,44390.0,44480.0,1141601,False
2025-03-31,44430.0,44570.0,44120.0,44120.0,1126907,False
2025-04-01,44250.0,44750.0,44070.0,44520.0,957252,False
2025-04-02,44570.0,44620.0,44300.0,44480.0,630634,False
2025-04-03,43580.0,43580.0,41370.0,41370.0,3158944,False
2025-04-04,38480.0,40460.0,38480.0,39110.0,3851521,False
2025-04-08,39110.0,40190.0,38250.0,38430.0,3267737,False
2025-04-09,37440.0,40240.0,37440.0,39790.0,3153344,False
2025-04-10,42540.0,42540.0,42490.0,42540.0,598972,False
2025-04-11,43310.0,44750.0,42540.0,44210.0,4012370,False
2025-04-14,44660.0,44890.0,43800.0,44660.0,2475086,False
2025-04-15,44250.0,44300.0,43130.0,43940.0,2332871,False
2025-04-16,43490.0,43760.0,42720.0,42950.0,1344523,False
2025-04-17,42680.0,42860.0,42360.0,42400.0,1363877,False
2025-04-18,42770.0,43310.0,42590.0,42720.0,845618,False
2025-04-21,42680.0,42950.0,42490.0,42490.0,472772,False
2025-04-22,42400.0,42860.0,40600.0,42040.0,1205723,False
2025-04-23,43130.0,43850.0,42770.0,43850.0,1165003,False
2025-04-24,44210.0,44520.0,44030.0,44390.0,1698282,False
2025-04-25,44390.0,44660.0,44120.0,44660.0,1951895,False
2025-04-28,44620.0,46280.0,44430.0,46190.0,1968996,False
2025-04-29,45830.0,45830.0,43400.0,43400.0,4407144,False
2025-05-05,43220.0,43440.0,42540.0,43220.0,1251013,False
2025-05-06,43710.0,43710.0,43080.0,43170.0,790459,False
2025-05-07,43350.0,43670.0,43310.0,43350.0,767869,False
2025-05-08,43400.0,43980.0,43400.0,43800.0,859241,False
2025-05-09,44840.0,44840.0,44070.0,44210.0,940554,False
2025-05-12,44390.0,44660.0,44210.0,44620.0,1227578,False
2025-05-13,44750.0,44750.0,44390.0,44430.0,1007145,False
2025-05-14,44300.0,44800.0,44300.0,44660.0,1129231,False
2025-05-15,44660.0,45650.0,44660.0,45380.0,1280816,False
2025-05-16,45380.0,45740.0,45290.0,45560.0,700568,False
2025-05-19,45290.0,45290.0,44750.0,44840.0,754833,False
2025-05-20,44660.0,45020.0,44620.0,44930.0,584679,False
2025-05-21,44930.0,45070.0,44660.0,44750.0,577212,False
2025-05-22,44750.0,44840.0,44570.0,44800.0,794955,False
2025-05-23,44800.0,44840.0,44480.0,44620.0,397177,False
2025-05-26,45020.0,45020.0,43940.0,44620.0,716367,False
2025-05-27,44890.0,44890.0,44570.0,44620.0,591321,False
2025-05-28,44750.0,44840.0,44430.0,44620.0,598352,False
2025-05-29,44660.0,44930.0,44430.0,44430.0,773730,False
2025-05-30,44430.0,44480.0,43940.0,43980.0,1704102,False
2025-06-02,43980.0,44520.0,43800.0,44340.0,569970,False
2025-06-03,44390.0,44710.0,44390.0,44660.0,605168,False
2025-06-04,44750.0,45740.0,44710.0,45200.0,1485198,False
2025-06-05,45110.0,45290.0,44660.0,44660.0,994649,False
2025-06-06,44660.0,44890.0,44250.0,44250.0,755124,False
2025-06-09,44250.0,44570.0,44070.0,44070.0,924177,False
2025-06-10,44430.0,44430.0,44030.0,44070.0,844861,False
2025-06-11,44120.0,44300.0,44070.0,44210.0,347695,False
2025-06-12,44300.0,44750.0,44300.0,44620.0,631844,False
2025-06-13,44570.0,44570.0,44120.0,44300.0,963693,False
2025-06-16,44210.0,44840.0,44210.0,44710.0,977362,False
2025-06-17,44750.0,45830.0,44710.0,45070.0,1507277,False
2025-06-18,45070.0,45200.0,44660.0,44660.0,1298112,False
2025-06-19,44840.0,44980.0,44390.0,44620.0,1025994,False
2025-06-20,44660.0,44750.0,44480.0,44660.0,717034,False
2025-06-23,44390.0,44620.0,44300.0,44430.0,1050378,False
2025-06-24,44660.0,44800.0,44520.0,44800.0,710936,False
2025-06-25,44520.0,45560.0,44520.0,45380.0,1763863,False
2025-06-26,45740.0,45830.0,45380.0,45560.0,1285061,False
2025-06-27,45650.0,45920.0,45380.0,45650.0,3003369,False
2025-06-30,45650.0,45800.0,44980.0,45080.0,1926448,False
2025-07-01,45080.0,45080.0,44600.0,44650.0,906758,False
2025-07-02,44600.0,44600.0,44210.0,44500.0,1100593,False
2025-07-03,44500.0,44690.0,44360.0,44360.0,1536347,False
2025-07-04,44690.0,44690.0,44410.0,44500.0,849176,False
2025-07-07,44600.0,44740.0,44410.0,44500.0,1321381,False
2025-07-08,44550.0,44930.0,44550.0,44930.0,1640468,False
2025-07-09,45080.0,45800.0,44980.0,45700.0,2603822,False
2025-07-10,45750.0,46370.0,45750.0,46130.0,2152137,False
2025-07-11,46130.0,46280.0,45560.0,46180.0,2445826,False
2025-07-14,46180.0,46370.0,45700.0,46040.0,1273694,False
2025-07-15,46040.0,46900.0,45990.0,46080.0,2153705,False
2025-07-16,46080.0,46180.0,45700.0,46040.0,1367279,False
2025-07-17,46080.0,46710.0,45890.0,46420.0,2043467,False
2025-07-18,46560.0,46560.0,46040.0,46230.0,1339391,False
2025-07-21,46080.0,46370.0,45750.0,45750.0,1646225,False
2025-07-22,45800.0,45940.0,45560.0,45840.0,798822,False
2025-07-23,45890.0,46900.0,45560.0,46610.0,2662253,False
2025-07-24,46950.0,47960.0,46710.0,47000.0,2247810,False
2025-07-25,47000.0,47090.0,46850.0,47090.0,1336133,False
2025-07-28,47330.0,47480.0,46900.0,47280.0,2669575,False
2025-07-29,47280.0,47480.0,45410.0,45410.0,2639837,False
2025-07-30,45460.0,45840.0,45410.0,45650.0,2021422,False
2025-07-31,45750.0,46420.0,45560.0,45700.0,1915348,False
2025-08-01,45750.0,46080.0,45750.0,45990.0,1032904,False
2025-08-04,46040.0,46130.0,45700.0,46130.0,806022,False
2025-08-05,46130.0,46230.0,45460.0,45560.0,2104047,False
2025-08-06,45650.0,46180.0,45410.0,45840.0,982201,False
2025-08-07,46040.0,46040.0,45610.0,45750.0,861395,False
2025-08-08,45750.0,46180.0,45650.0,45890.0,931648,False
2025-08-11,46040.0,46560.0,46040.0,46230.0,1469077,False
2025-08-12,46420.0,46560.0,46230.0,46320.0,1259615,False
2025-08-13,46470.0,46470.0,45890.0,45990.0,1128295,False
2025-08-14,46130.0,46130.0,45800.0,45940.0,1145023,False
2025-08-15,45990.0,45990.0,45460.0,45560.0,1555041,False
2025-08-18,45610.0,45800.0,45220.0,45220.0,964848,False
2025-08-19,45320.0,45410.0,45130.0,45220.0,1047339,False
2025-08-20,45220.0,45220.0,44650.0,44840.0,1214753,False
2025-08-21,44650.0,44980.0,44410.0,44690.0,1407713,False
2025-08-22,44600.0,44690.0,43830.0,43930.0,1849343,False
2025-08-25,43930.0,44120.0,43640.0,43730.0,992338,False
2025-08-26,43730.0,44020.0,43590.0,44020.0,697277,False
2025-08-27,44210.0,44410.0,43970.0,44120.0,1210522,False
2025-08-28,44120.0,44740.0,44120.0,44650.0,545940,False
2025-08-29,44890.0,44980.0,44650.0,44650.0,789356,False
2025-09-03,44690.0,44690.0,44360.0,44450.0,559833,False
2025-09-04,44600.0,45270.0,44450.0,45170.0,1013814,False
2025-09-05,45320.0,45560.0,45170.0,45370.0,1243927,False
2025-09-08,45560.0,45610.0,44840.0,44890.0,871031,False
2025-09-09,44840.0,44890.0,44310.0,44410.0,859127,False
2025-09-10,44600.0,44690.0,44260.0,44360.0,507323,False
2025-09-11,44500.0,44600.0,43830.0,44500.0,706345,False
2025-09-12,44410.0,45460.0,44410.0,44740.0,1051676,False
2025-09-15,45030.0,45080.0,44740.0,44790.0,508363,False
2025-09-16,45030.0,46180.0,44690.0,45840.0,2746032,False
2025-09-17,45840.0,46180.0,45370.0,45370.0,984214,False
2025-09-18,45510.0,45610.0,44790.0,44890.0,1012383,False
2025-09-19,45030.0,45030.0,44120.0,44120.0,1386552,False
2025-09-22,44210.0,44550.0,43640.0,43830.0,1356281,False
2025-09-23,43930.0,44210.0,43780.0,43930.0,448364,False
2025-09-24,44020.0,44210.0,43640.0,44210.0,504371,False
2025-09-25,44260.0,44360.0,43880.0,43970.0,469511,False
2025-09-26,44170.0,44170.0,43780.0,43780.0,481447,False
2025-09-29,43830.0,43830.0,43500.0,43640.0,572552,False
2025-09-30,43640.0,43730.0,43300.0,43350.0,553703,False
2025-10-01,43450.0,43690.0,43350.0,43450.0,324448,False
2025-10-02,43540.0,43880.0,43540.0,43540.0,697181,False
2025-10-03,43590.0,43930.0,43540.0,43690.0,426230,False
2025-10-06,44170.0,44310.0,43830.0,44260.0,900631,False
2025-10-07,44550.0,44550.0,44020.0,44120.0,697575,False
2025-10-08,44410.0,44500.0,44070.0,44070.0,519128,False
2025-10-09,44120.0,44170.0,43690.0,43730.0,558452,False
2025-10-10,43730.0,44070.0,43690.0,43970.0,482467,False
2025-10-13,43640.0,44070.0,43500.0,44070.0,522856,False
2025-10-14,43930.0,44070.0,43540.0,43540.0,580306,False
2025-10-15,43590.0,43830.0,43400.0,43400.0,544913,False
2025-10-16,43450.0,43730.0,43260.0,43350.0,468609,False
2025-10-17,43350.0,43640.0,43060.0,43400.0,827155,False
2025-10-20,43210.0,43400.0,42200.0,42200.0,970293,False
2025-10-21,42340.0,42680.0,42200.0,42630.0,808590,False
2025-10-22,42630.0,42970.0,42440.0,42970.0,391268,False
2025-10-23,42970.0,43780.0,42730.0,43590.0,731324,False
2025-10-24,43640.0,43640.0,43160.0,43300.0,355142,False
2025-10-27,43640.0,43880.0,43350.0,43590.0,692231,False
2025-10-28,43590.0,43780.0,43500.0,43590.0,406347,False
2025-10-29,43930.0,44120.0,43590.0,43880.0,763609,False
2025-10-30,44020.0,44020.0,43540.0,43830.0,624354,False
2025-10-31,43970.0,44020.0,43730.0,43970.0,575743,False
2025-11-03,43930.0,44740.0,43880.0,44410.0,860864,False
2025-11-04,44550.0,44550.0,43640.0,44360.0,852899,False
2025-11-05,44410.0,44450.0,44070.0,44310.0,567079,False
2025-11-06,44120.0,44410.0,44020.0,44260.0,544276,False
2025-11-07,44020.0,44500.0,44020.0,44210.0,560942,False
2025-11-10,44310.0,44450.0,44120.0,44120.0,522466,False
2025-11-11,44070.0,45320.0,44020.0,44890.0,1273398,False
2025-11-12,44890.0,45170.0,44690.0,45030.0,754620,False
2025-11-13,45170.0,45610.0,44930.0,45460.0,1124211,False
2025-11-14,45460.0,45610.0,45130.0,45170.0,844615,False
2025-11-17,45170.0,45650.0,45170.0,45320.0,1035258,False
2025-11-18,45370.0,45560.0,44890.0,45270.0,624255,False
2025-11-19,45270.0,45270.0,44980.0,45080.0,665680,False
2025-11-20,45460.0,45560.0,45030.0,45130.0,777575,False
2025-11-21,45030.0,45030.0,44600.0,44790.0,542758,False
2025-11-24,44790.0,45080.0,44260.0,44260.0,865452,False
2025-11-25,44310.0,44890.0,44210.0,44410.0,435911,False
2025-11-26,44500.0,44890.0,44500.0,44600.0,375429,False
2025-11-27,44840.0,44840.0,44450.0,44500.0,301893,False
2025-11-28,44500.0,44740.0,44410.0,44500.0,382114,False
2025-12-01,44650.0,47570.0,44650.0,47000.0,4110688,False
2025-12-02,47000.0,50260.0,46850.0,50260.0,5653741,False
2025-12-03,51790.0,52180.0,49780.0,49780.0,3237799,False
2025-12-04,49390.0,50070.0,48430.0,48820.0,2808840,False
2025-12-05,48820.0,49200.0,47760.0,47760.0,2545894,False
2025-12-08,47760.0,51020.0,47670.0,51020.0,5257247,False
2025-12-09,52270.0,53040.0,51120.0,51120.0,4333912,False
2025-12-10,51120.0,51220.0,49300.0,49390.0,2435786,False
2025-12-11,49590.0,50830.0,49390.0,50160.0,1645628,False
2025-12-12,49870.0,50450.0,47910.0,47960.0,2536837,False
2025-12-15,48240.0,49390.0,47960.0,48430.0,1512039,False
2025-12-16,48910.0,49870.0,46130.0,49590.0,2085346,False
2025-12-17,49680.0,49680.0,48050.0,48050.0,1557109,False
2025-12-18,48530.0,48630.0,47760.0,48150.0,1044322,False
2025-12-19,48150.0,48150.0,47570.0,47670.0,1139995,False
2025-12-22,47670.0,48240.0,47430.0,47570.0,1000065,False
2025-12-23,47670.0,47860.0,46900.0,47480.0,1432258,False
2025-12-24,47480.0,47570.0,46800.0,46800.0,998692,False
2025-12-25,46800.0,47480.0,46230.0,46230.0,1147913,False
2025-12-26,46130.0,47190.0,46130.0,46760.0,1436057,False
2025-12-29,46800.0,47240.0,46610.0,46800.0,885071,False
2025-12-30,46900.0,47860.0,46420.0,47570.0,1281754,False
2025-12-31,47570.0,47570.0,47000.0,47000.0,581755,False
2026-01-05,47140.0,47190.0,46080.0,46130.0,1627486,False
2026-01-06,46230.0,46230.0,45220.0,45610.0,1946074,False
2026-01-07,45650.0,46850.0,45650.0,46520.0,2003098,False
2026-01-08,46520.0,47380.0,46320.0,46320.0,1602353,False
2026-01-09,46900.0,47860.0,46610.0,46950.0,2046272,False
2026-01-12,47200.0,47450.0,46150.0,47000.0,1687846,False
2026-01-13,47050.0,50200.0,47050.0,50200.0,3328455,False
2026-01-14,51300.0,53700.0,51300.0,53700.0,4561544,False
2026-01-15,55000.0,57100.0,52700.0,52700.0,6089903,False
2026-01-16,52700.0,53800.0,51800.0,52500.0,2858276,False
2026-01-19,52500.0,52700.0,50200.0,51100.0,2773536,False
2026-01-20,52000.0,54300.0,51500.0,52300.0,3639462,False
2026-01-21,52000.0,52000.0,50200.0,50600.0,2226464,False
2026-01-22,51000.0,52000.0,50500.0,50600.0,1399834,False
2026-01-23,50700.0,51300.0,48900.0,49300.0,2328200,False
2026-01-26,49300.0,50000.0,48300.0,48500.0,1694200,False
2026-01-27,48950.0,49550.0,48250.0,49550.0,1290400,False
2026-01-28,49900.0,50300.0,48750.0,48950.0,1151800,False
2026-01-29,49100.0,50600.0,49000.0,50300.0,1623900,False
2026-01-30,51000.0,51400.0,49900.0,49900.0,1724800,False
2026-02-02,49900.0,50900.0,49200.0,49900.0,1193500,False
2026-02-03,50900.0,52400.0,50300.0,52100.0,2564900,False
2026-02-04,52400.0,53300.0,51600.0,51700.0,1558600,False
2026-02-05,52200.0,52200.0,50000.0,50100.0,1682000,False
2026-02-06,49500.0,49800.0,48700.0,48750.0,1886100,False
2026-02-09,48900.0,49450.0,48900.0,49450.0,519800,False
2026-02-10,49450.0,49650.0,47750.0,48350.0,1278300,False
2026-02-11,48400.0,48800.0,48050.0,48700.0,675500,False
2026-02-12,48700.0,49200.0,48500.0,48800.0,508400,False
2026-02-13,49000.0,49000.0,48400.0,48500.0,758900,False
2026-02-23,48600.0,49150.0,48600.0,48850.0,747400,False
2026-02-24,48850.0,49250.0,48650.0,48800.0,812400,False
2026-02-25,48800.0,49900.0,48800.0,49200.0,1341700,False
2026-02-26,49500.0,49550.0,48800.0,49100.0,1107900,False
2026-02-27,49100.0,49200.0,48350.0,48400.0,1197000,False
2026-03-02,47050.0,47850.0,47000.0,47200.0,1618800,False
2026-03-03,47000.0,47450.0,45300.0,46000.0,2424900,False
2026-03-04,46050.0,46500.0,45200.0,46000.0,1327100,False
2026-03-05,46150.0,46450.0,45650.0,45650.0,768200,False
2026-03-06,45650.0,46200.0,45550.0,45600.0,804600,False
2026-03-09,43750.0,44000.0,42450.0,42450.0,3538000,False
2026-03-10,43600.0,44750.0,43100.0,44750.0,1473200,False
2026-03-11,44600.0,45000.0,44050.0,44800.0,966300,False
2026-03-12,44650.0,44650.0,43700.0,43750.0,824200,False
2026-03-13,43750.0,44650.0,43650.0,44400.0,599500,False
