Ticker,time,open,high,low,close,volume,is_ipo,sma_20,sma_50,rsi_14,roc_3,vol_sma_20,buy_only_0_sig,signal,Return_3D_pct,Return_5D_pct,Return_10D_pct,Return_20D_pct
ACB,2021-06-08,15960.0,16280.000000000002,15080.0,15080.0,14322800,False,14756.5,13595.8,54.38034082725086,-12.427409988385596,10828800.0,1,1,7.758620689655173,9.946949602122016,10.875331564986737,11.936339522546419
ACB,2021-07-12,16180.0,16300.0,15360.0,15360.0,18353700,False,16748.5,15474.2,40.09389270342408,-10.38506417736289,10345725.0,1,1,0.0,-1.8229166666666667,-0.13020833333333331,11.458333333333332
ACB,2022-05-13,14020.0,14210.0,12900.0,12900.0,6142600,False,14724.5,15192.4,28.94251269522283,-10.664819944598335,4409470.0,1,1,5.271317829457364,5.5813953488372094,15.58139534883721,14.496124031007751
ACB,2022-05-16,12970.0,13460.0,12900.0,12940.0,5137600,False,14579.0,15142.6,29.5759533076774,-12.685560053981105,4421315.0,1,1,3.6321483771251932,3.091190108191654,15.765069551777433,8.268933539412673
ACB,2022-10-07,11460.0,11670.0,10900.0,10930.0,8488826,False,13024.0,13908.8,11.144227100729696,-11.210398050365555,2808410.3,1,1,0.2744739249771272,11.802378774016468,9.423604757548034,8.051235132662397
ACB,2022-10-10,10670.0,11200.0,10670.0,10960.0,6476351,False,12876.0,13841.4,12.086687509083111,-10.090237899917964,3061419.7,1,1,6.751824817518248,12.043795620437956,4.288321167883212,10.492700729927007
ACB,2022-10-11,10960.0,10960.0,10230.0,10260.0,6437148,False,12691.5,13758.2,9.543184503271727,-12.457337883959042,3308943.9,1,1,19.103313840155945,22.319688109161792,16.569200779727094,21.734892787524366
ACB,2022-11-04,12520.0,12550.0,11700.0,11810.0,12618670,False,12134.0,12935.8,41.990002003072,-10.258358662613986,4178585.0,1,1,2.963590177815411,3.2176121930567314,4.995766299745978,16.68077900084674
ACB,2025-04-08,19300.0,19470.0,18510.0,18510.0,43698654,False,21503.0,21529.2,12.259303666426728,-14.621771217712176,13933578.65,1,1,12.155591572123177,8.806050783360346,8.806050783360346,9.02215018908698
BCM,2021-07-15,42120.0,42120.0,42120.0,42120.0,27400,False,49572.5,49713.8,20.664939773945818,-10.402042118698152,23890.0,1,1,-11.372269705603038,-7.336182336182335,-7.336182336182335,0.4748338081671415
BCM,2021-07-16,39190.0,41890.0,39190.0,40120.0,315600,False,49018.5,49477.2,17.667539253766545,-17.601150133497633,38440.0,1,1,-9.047856430707876,-2.3678963110667994,-2.0189431704885346,3.389830508474576
BCM,2021-07-19,39100.0,39940.0,37890.0,37890.0,50200,False,48376.0,49211.0,15.046848720849063,-16.33914771472731,39075.0,1,1,3.008709422011085,1.7682765901293216,3.747690683557667,10.451306413301662
BCM,2021-07-20,37330.0,37380.0,36310.0,37330.0,88300,False,47691.5,48939.2,14.46652317397451,-11.372269705603044,42580.0,1,1,4.9290115188856145,3.8039110634878117,5.304045004018216,12.108223948566836
BCM,2021-12-06,47210.0,47500.0,44200.0,46090.0,515300,False,51269.0,47325.0,37.66415018904091,-10.243427458617326,585830.0,1,1,9.37296593621176,14.102842265133434,39.81340854849208,35.27880234324148
BCM,2022-01-17,72020.0,73440.0,67000.0,67000.0,798400,False,65761.0,57698.8,55.16213251255425,-11.516111991547806,840970.0,1,1,7.208955223880597,1.835820895522388,12.731343283582088,16.55223880597015
BCM,2022-01-18,66520.0,67280.0,62540.0,64440.0,426900,False,65761.0,57934.2,50.86916278755965,-12.706583581685182,821600.0,1,1,10.738671632526382,13.237119801365612,19.118559900682804,20.142768466790812
BCM,2022-05-09,74200.0,75810.0,70980.0,70980.0,532500,False,74115.0,72405.4,44.527414248704005,-10.82914572864322,535350.0,1,1,5.198647506339814,-8.946182023105111,-5.07185122569738,-7.480980557903635
BCM,2022-05-16,69750.0,72210.0,64629.99999999999,64629.99999999999,310100,False,74678.0,72134.4,38.67448002969197,-19.474208821330684,563660.0,1,1,11.140337304657292,4.254989942751056,7.040074268915377,-0.29398112331733367
BCM,2022-05-17,61600.0,67280.0,61600.0,66330.0,390300,False,74251.5,71944.8,41.208768467073156,-11.169144234632377,543685.0,1,1,8.578320518619027,5.728931102065431,4.432383536861149,-2.8493894165535956
BCM,2024-04-17,54420.0,54420.0,52580.0,52580.0,523172,False,60529.5,62114.6,19.57202024173867,-10.971892990179477,694931.15,1,1,-6.99885888170407,-3.3282616964625333,0.9128946367440092,18.410041841004183
BCM,2025-04-04,64390.0,64390.0,64390.0,64390.0,641956,False,76276.0,72993.2,24.355759561146765,-13.697895724433717,694771.8,1,1,-7.330330796707562,-7.640938033856188,-15.732256561577884,-8.401925764870322
BCM,2025-04-08,59960.0,59960.0,59960.0,59960.0,217520,False,75332.0,72833.8,19.783687203786844,-19.310994482573008,583782.6,1,1,-2.1180787191460975,-7.371581054036024,-14.743162108072047,-2.4516344229486324
BCM,2025-04-09,55830.0,55830.0,55830.0,55830.0,131146,False,74181.5,72599.8,16.646348493909528,-19.320809248554916,563960.8,1,1,6.5197922264015755,-5.803331542181623,-3.1703385276732945,8.275120902740463
BCM,2025-04-16,56030.0,56520.0,52590.0,52590.0,790895,False,68721.0,71536.6,22.56906696328274,-10.39359345714772,671977.6,1,1,3.17550865183495,2.795208214489447,7.472903593839134,13.462635482030805
BCM,2025-04-17,51800.0,52980.0,48950.0,52590.0,927844,False,67384.0,71176.8,22.569066963282744,-11.568858247856062,685248.45,1,1,-2.795208214489447,3.7459593078532043,4.677695379349686,13.462635482030805
BCM,2026-01-23,72250.0,72740.0,68120.0,68120.0,1972111,False,67949.0,65719.4,48.94590923366472,-13.377416073245163,1495943.4,1,1,-4.756312389900187,-1.7322372284204346,-5.475631238990018,-1.2037580739870817
BCM,2026-01-26,67530.0,70190.0,66840.0,66940.0,1353714,False,68322.5,65723.2,46.68145865497854,-10.746666666666671,1559344.25,1,1,-3.077382730803716,4.108156558111742,-5.870929190319689,-2.898117717358829
BCM,2026-02-06,66840.0,67630.0,64390.0,64390.0,2008932,False,70421.5,66047.4,42.86680607363044,-11.479241132801764,1958224.45,1,1,-1.3822022053113838,-1.6928094424600093,4.519335300512502,
BCM,2026-02-09,65470.0,65860.0,62910.0,63010.0,1815976,False,70131.5,66002.2,40.709154395545774,-10.851726089417092,1990213.55,1,1,-0.33328043167751153,2.0472940803047135,3.1582288525630853,
BCM,2026-03-04,62200.0,63000.0,58500.0,60100.0,2212700,False,65503.0,65865.0,37.14094022371695,-10.698365527488852,1495982.35,1,1,-9.317803660565724,-6.322795341098169,,
BID,2022-05-13,24510.0,24660.0,23060.0,23060.0,2353900,False,26789.5,29254.8,27.601088438499886,-11.20523681170581,1888320.0,1,1,9.757155247181267,8.49956634865568,11.014744145706851,6.287944492627926
BID,2022-05-16,24080.0,24120.0,23350.0,23350.0,1280700,False,26488.5,29106.0,29.714968275221835,-10.809778456837282,1857810.0,1,1,7.623126338329765,3.5974304068522485,11.049250535331906,-0.7708779443254818
BID,2025-04-08,34620.0,35110.0,33130.0,33130.0,4718118,False,38609.5,39459.6,12.942769081630434,-13.430885811340476,3361239.3,1,1,9.71928765469363,8.964684575913068,4.769091457893148,4.769091457893148
BID,2026-03-03,45100.0,45900.0,43500.0,43550.0,15198300,False,49740.0,46449.0,34.371454773975366,-10.113519091847268,9911385.0,1,1,0.0,-4.018369690011482,,
BID,2026-03-09,40550.0,41000.0,40550.0,40550.0,6134800,False,47810.0,46923.0,31.22563744239706,-11.074561403508776,8798645.0,1,1,,,,
BVH,2022-05-13,47670.0,48020.0,44510.0,44510.0,3115600,False,54134.5,53049.6,30.90142161649544,-15.492690336054682,2442880.0,1,1,0.0,-0.9885419006964726,5.706582790384183,6.110986295214558
BVH,2022-05-16,45650.0,47410.0,42050.0,42050.0,1700500,False,53493.5,52854.6,27.82660867696264,-18.126947040498443,2460740.0,1,1,4.589774078478002,6.064209274673008,11.700356718192628,4.589774078478002
BVH,2022-10-03,46970.0,47410.0,43720.0,43720.0,1381387,False,48929.5,49820.0,29.770107836550665,-11.06590724165989,1498459.8,1,1,-1.8069533394327537,0.3888380603842635,1.8069533394327537,5.420860018298262
BVH,2025-04-04,44300.0,47590.0,44300.0,44300.0,2126177,False,51721.0,52809.4,18.671097723794013,-14.32991684393734,626987.05,1,1,-7.426636568848759,-1.2189616252821671,-2.55079006772009,8.306997742663656
BVH,2025-04-08,42780.0,44150.0,41210.0,41210.0,785689,False,51024.5,52609.2,14.815274362748976,-19.385758998435055,631604.85,1,1,4.756127153603494,4.756127153603494,3.3244358165493813,14.753700558116961
BVH,2025-04-09,38360.0,41210.0,38360.0,38360.0,1657955,False,50249.0,52356.0,12.293559444367965,-19.394830846816557,655719.1,1,1,14.077163712200209,12.669447340980188,12.539103232533892,24.817518248175183
BVH,2026-03-09,71400.0,73900.0,71300.0,71300.0,500700,False,79280.0,70956.0,41.576873383424804,-10.875000000000002,984595.0,1,1,,,,
CTG,2021-07-12,22200.0,22230.0,20970.0,20970.0,27996400,False,23836.0,23144.4,33.68821619445456,-10.384615384615381,19987680.0,1,1,0.0,-7.868383404864092,-8.15450643776824,-1.2875536480686696
CTG,2021-07-13,21270.0,21540.0,20250.0,20730.0,11766000,False,23663.5,23159.8,32.65617490002405,-10.376134889753564,19766455.0,1,1,0.1447178002894356,-3.907380607814761,-6.078147612156296,0.1447178002894356
CTG,2021-07-14,20760.0,21180.0,20190.0,20190.0,16349700,False,23501.0,23161.2,30.399578829813795,-10.386151797603194,19514910.0,1,1,-4.3090638930163445,-2.526002971768202,-2.37741456166419,1.7830609212481425
CTG,2025-04-08,24760.0,26200.0,24690.0,24690.0,18699366,False,28362.0,27978.8,19.969774242601165,-14.181438998957251,8095370.0,1,1,6.682867557715674,4.860267314702309,3.078169299311462,4.050222762251924
CTG,2025-04-09,23180.0,25380.0,23180.0,23180.0,17513425,False,28060.0,27930.8,15.654259217058597,-13.442867811799852,8623678.75,1,1,13.330457290767903,10.051768766177739,10.353753235547886,11.993097497842967
CTG,2025-10-20,36510.0,36920.0,33740.0,33810.0,25122546,False,35885.0,35031.8,39.34883678363975,-10.768012668250194,10387741.7,1,1,1.6267376515823722,-0.6211180124223602,-0.8281573498964804,-0.11830819284235432
FPT,2022-05-09,49890.0,50250.0,47710.0,47710.0,4499100,False,54957.5,51652.4,30.735262458512207,-10.049019607843135,3604615.0,1,1,1.6977572835883463,-0.8383986585621462,2.661915740934815,20.22636763781178
FPT,2025-04-08,90450.0,92160.0,89680.0,89680.0,16338312,False,106781.5,116433.0,18.579341321688215,-13.860340024973583,8688113.2,1,1,12.756467439785906,10.38135593220339,5.051293487957182,10.38135593220339
FPT,2026-03-09,76000.0,76700.0,75900.0,75900.0,17633000,False,92800.0,96502.0,20.75723820680277,-10.81081081081081,16893905.0,1,1,,,,
GAS,2021-11-22,69740.0,71290.0,68140.0,68470.0,1436500,False,79200.5,73057.0,31.651774764320173,-13.031881112663534,1807065.0,1,1,1.7671973126916898,-2.6434935008032716,-9.887541989192346,-5.286987001606554
GAS,2022-03-14,73770.0,75110.0,71090.0,71090.0,1389300,False,78851.0,74299.6,37.666123639259936,-13.251982916412441,1249350.0,1,1,0.0,7.539738359825574,4.234069489379659,2.728935152623435
GAS,2022-05-16,69070.0,69480.0,63710.0,63710.0,955900,False,72294.0,74312.0,33.93237502688693,-12.76187867999452,786270.0,1,1,11.363993093705854,8.94679014283472,15.7902997959504,24.203421754826557
GAS,2022-06-22,79470.0,80470.0,74570.0,74570.0,1887400,False,81477.0,75786.2,43.215367623067266,-17.015357222345873,1740350.0,1,1,2.8831969961110366,5.216575030172992,-11.50596754727102,-4.8544991283357914
GAS,2022-07-06,68610.0,68820.0,65990.0,65990.0,1689000,False,78937.0,76043.0,33.0285180987686,-12.918975983109004,1456785.0,1,1,-0.9395362933777734,0.5303833914229429,7.516290347022276,16.91165328080012
GAS,2022-07-07,64819.99999999999,66480.0,63790.0,64819.99999999999,628400,False,77899.5,75877.4,31.88107855538017,-13.353829701911524,1423515.0,1,1,5.2144399876581415,4.998457266275853,10.62943535945697,15.843875347115102
GAS,2025-04-04,54780.0,57230.0,54780.0,55250.0,2749154,False,63067.5,63533.8,16.10507783931473,-13.046899590808936,1081922.7,1,1,-7.493212669683258,0.8506787330316743,-1.0135746606334841,4.615384615384616
GAS,2025-04-08,52710.0,53000.0,51390.0,51390.0,2638742,False,62446.0,63287.0,11.956659199927214,-18.635212159594683,1142662.0,1,1,6.42148277875073,6.596614127262113,5.312317571511968,11.908931698774081
GAS,2025-04-09,47820.0,52710.0,47820.0,47820.0,2771893,False,61665.0,62980.2,9.515406709791083,-18.714941356450787,1255025.15,1,1,16.520284399832704,14.366373902132997,13.174404015056462,22.62651610204935
GAS,2026-02-11,105800.0,107400.0,102000.0,102000.0,3230600,False,110165.0,88004.0,48.027257040780725,-11.304347826086957,4147025.0,1,1,6.568627450980393,7.8431372549019605,26.176470588235297,
GAS,2026-02-12,106200.0,106200.0,101000.0,101400.0,2700300,False,110085.0,88710.0,47.396967988390024,-12.35955056179775,4104140.0,1,1,8.974358974358974,4.536489151873767,18.04733727810651,
GAS,2026-03-09,116000.0,116300.0,104300.0,104300.0,5387400,False,111745.0,100418.0,45.949225290858806,-18.958818958818956,3694100.0,1,1,,,,
GAS,2026-03-10,104000.0,107500.0,97000.0,97000.0,3885500,False,110745.0,101078.0,40.994572749595406,-18.964076858813705,3722425.0,1,1,,,,
GVR,2021-07-12,27590.0,28240.0,27040.0,27040.0,6861400,False,31444.0,27563.0,37.8389700804489,-15.155318481330404,6512740.0,1,1,3.7352071005917162,-0.6656804733727811,10.539940828402367,19.748520710059186
GVR,2021-07-13,27230.0,28050.0,26860.0,27590.0,3515700,False,31361.0,27650.2,40.485119291735046,-11.655459494076204,6207965.0,1,1,4.530627038782168,2.682131206959043,9.351214208046393,16.67270750271836
GVR,2021-08-24,31460.0,32189.999999999996,31000.0,31270.0,6463100,False,32111.5,31076.0,47.91018561733068,-12.384421406556456,6374860.0,1,1,10.009593859929646,13.975055964182923,17.524784138151585,9.433962264150944
GVR,2021-11-22,34630.0,35240.0,33270.0,33270.0,5211400,False,37331.0,35700.6,34.24925944915033,-11.018989034501203,5097235.0,1,1,6.1917643522693115,3.3964532611962728,1.142170123234145,5.620679290652239
GVR,2022-01-17,33370.0,33560.0,31080.0,31080.0,4515200,False,34990.0,35538.2,28.106502452587428,-10.121457489878537,3778640.0,1,1,-2.2522522522522523,-9.330759330759332,-3.153153153153153,4.054054054054066
GVR,2022-01-18,30280.0,30840.0,29070.0,29070.0,2899800,False,34686.5,35358.8,22.73160945940294,-12.38698010849909,3804300.0,1,1,4.162366701066392,0.48159614723082217,6.0887512899896805,10.113519091847254
GVR,2022-01-19,29630.0,30470.0,29070.0,29720.0,1767500,False,34410.5,35194.2,27.556260005665724,-10.937968234941565,3754105.0,1,1,-5.181695827725438,-2.489905787348587,4.104979811574697,7.705248990578722
GVR,2022-04-12,32570.0,32810.0,30840.0,30840.0,2770000,False,32452.0,32026.4,40.24455331088686,-10.815500289184499,2109855.0,1,1,9.11154345006485,6.06355382619974,-13.618677042801556,-30.609597924773023
GVR,2022-04-21,29490.0,30800.0,28370.0,28510.0,4404800,False,32447.0,32352.6,35.217661540055275,-17.122093023255815,2862315.0,1,1,-6.559102069449316,-5.752367590319187,-18.204138898632056,-22.307962118554894
GVR,2022-04-22,29070.0,29630.0,26550.0,27570.0,4598400,False,32194.5,32275.8,32.80279808162239,-15.713848975848366,2999160.0,1,1,-1.3420384475879579,-2.176278563656148,-16.104461371055496,-18.13565469713457
GVR,2022-04-25,27110.0,28040.0,25660.0,25660.0,3146500,False,31856.0,32154.4,28.52304983880844,-15.647600262984874,3100405.0,1,1,4.715510522213561,2.1823850350740455,-10.405300077942323,-7.677318784099767
GVR,2022-05-09,24580.0,24680.0,23320.0,23320.0,2121400,False,29171.5,31259.0,26.495298464043966,-11.060259344012202,2672185.0,1,1,-8.233276157804461,-12.435677530017152,-5.017152658662092,0.8147512864493996
GVR,2022-05-10,22250.0,23320.0,21970.0,23130.0,1743200,False,28631.5,31091.6,26.084858596905825,-12.253414264036422,2584155.0,1,1,-13.921314310419369,-5.663640293990489,-2.421098140942499,2.248162559446606
GVR,2022-05-13,21400.0,21500.0,19910.0,19910.0,2327900,False,27063.5,30436.2,19.845937233263967,-13.921314310419364,2454985.0,1,1,9.593169261677549,11.25062782521346,19.688598694123556,22.55148166750377
GVR,2022-05-16,21260.0,21260.0,20380.0,20420.0,2348100,False,26470.0,30182.8,23.117437842934418,-11.178773379730323,2495235.0,1,1,5.044074436826641,8.472086190009795,16.503428011753183,11.214495592556318
GVR,2022-06-13,23090.0,23930.0,22710.0,22710.0,3143700,False,23335.5,26495.6,41.12353642104309,-10.166139240506332,1997120.0,1,1,-3.258476442095993,-10.259797446059004,-3.9189784236019376,-13.782474680757376
GVR,2022-06-15,23130.0,23270.0,21540.0,21540.0,2010000,False,23387.0,26107.6,37.06507054733962,-11.721311475409834,1979000.0,1,1,-5.385329619312906,-5.385329619312906,-0.6499535747446611,-2.1355617455896008
GVR,2022-10-03,19580.0,19580.0,18180.0,18180.0,1141466,False,22104.0,22638.0,22.08502322507206,-12.385542168674702,1919128.65,1,1,-8.47084708470847,-13.091309130913093,-12.376237623762377,-23.982398239823983
GVR,2022-10-04,18320.0,18600.0,17060.0,17060.0,1664628,False,21746.5,22539.8,18.85773485131727,-12.647209421402971,1868180.05,1,1,-9.026963657678781,-13.716295427901523,-5.509964830011713,-18.464243845252053
GVR,2022-10-10,15520.0,16079.999999999998,15000.0,15800.0,1889199,False,20310.0,22125.0,22.85554275906246,-11.484593837535018,1577748.45,1,1,-2.848101265822785,0.8227848101265823,-14.683544303797468,-24.367088607594937
GVR,2022-10-11,15470.0,15800.0,14720.0,14720.0,1990157,False,19875.5,21972.6,20.1587390646601,-11.538461538461542,1601512.4,1,1,7.2690217391304355,9.510869565217403,-13.31521739130435,-14.945652173913043
GVR,2022-10-21,15640.0,15640.0,14490.0,14490.0,2124710,False,17138.0,20742.0,25.84994766866462,-10.111662531017384,1452261.1,1,1,-10.559006211180124,-4.002760524499656,-11.594202898550725,-19.530710835058663
GVR,2022-10-24,14390.0,14590.0,13480.0,13480.0,1695191,False,16737.0,20549.8,22.602137110835468,-15.11335012594458,1438308.85,1,1,2.522255192878338,2.522255192878338,-11.350148367952523,-7.418397626112759
GVR,2022-10-25,13240.0,13910.0,12570.0,12760.0,2838679,False,16312.0,20340.4,20.613821433955323,-17.94212218649518,1536301.3,1,1,9.012539184952978,9.012539184952978,-1.8808777429467085,-5.2507836990595615
GVR,2022-10-26,12810.0,13430.0,12760.0,12960.0,1293376,False,15922.5,20135.0,22.64937183036662,-10.559006211180122,1548302.45,1,1,6.635802469135803,5.169753086419753,-1.5432098765432098,-7.098765432098765
GVR,2022-11-07,12810.0,13100.0,11950.0,11950.0,1557070,False,14293.0,18638.0,23.783059290577054,-12.325752017608217,1482078.25,1,1,-0.41841004184100417,-13.640167364016737,4.435146443514645,25.271966527196653
GVR,2022-11-11,12140.0,12240.0,11080.0,11080.0,1725045,False,13647.5,17671.2,25.405899349043086,-11.501597444089462,1463175.05,1,1,-7.310469314079422,5.234657039711191,16.967509025270758,30.324909747292416
GVR,2022-11-14,10650.0,11180.0,10320.0,10320.0,1914403,False,13367.0,17387.8,22.88561118551062,-19.122257053291534,1496521.1,1,1,6.007751937984496,20.930232558139537,31.1046511627907,37.5968992248062
GVR,2022-11-15,10080.0,10410.0,9600.0,9600.0,2907428,False,13041.0,17095.6,20.782259132174723,-19.327731092436974,1579209.9,1,1,21.458333333333332,25.937500000000004,41.458333333333336,49.895833333333336
GVR,2022-12-21,13720.0,14200.0,12960.0,13630.0,2087268,False,14089.0,13505.4,47.132953405540114,-10.092348284960417,2792793.55,1,1,-6.016140865737344,0.0,4.91562729273661,14.74688187820983
GVR,2023-08-22,18330.0,18710.0,17470.0,18280.0,2987559,False,20589.0,19912.2,29.20734222540682,-10.567514677103718,2878402.75,1,1,3.1728665207877462,8.424507658643327,17.61487964989059,21.772428884026258
GVR,2023-09-25,20920.0,21500.0,19530.0,19530.0,4891590,False,20941.5,20712.6,40.59815875096671,-11.907983761840324,3815559.2,1,1,-3.686635944700461,0.2560163850486431,0.2560163850486431,-2.9697900665642605
GVR,2023-09-26,19480.0,19960.0,18190.0,18190.0,7148840,False,20908.0,20661.8,34.05945478148961,-18.283917340521118,4090826.95,1,1,2.8587135788894997,0.21990104452996154,5.77240241891149,7.861462341946124
GVR,2023-10-30,18520.0,18520.0,17270.0,17270.0,2345732,False,19246.0,19827.4,35.56218421573991,-12.20132180986273,3014848.0,1,1,2.779386218876665,2.779386218876665,8.048639258830342,9.14881297046902
GVR,2023-10-31,17470.0,17470.0,16170.000000000002,16219.999999999998,2314022,False,19145.5,19770.8,31.092525042126095,-11.511183851609397,2933953.25,1,1,9.432799013563514,9.186189889025906,16.522811344019743,18.06411837237979
GVR,2023-11-01,16219.999999999998,16700.0,15790.0,16600.0,1479989,False,19040.0,19732.4,34.310346423889634,-10.367170626349898,2905585.0,1,1,6.927710843373494,13.855421686746988,14.759036144578314,16.80722891566265
GVR,2024-04-05,32040.0,32240.000000000004,30770.0,30770.0,7356049,False,32123.5,28055.0,49.345066661244374,-10.630264304385706,5658112.25,1,1,0.4874878128046799,1.5924601884952876,-8.872278193045174,0.7799805004874878
GVR,2024-04-17,29990.0,29990.0,27990.0,27990.0,4712356,False,31615.5,29526.2,38.034785490425826,-10.460652591170827,4581431.95,1,1,-3.6798856734548053,2.608074312254377,9.753483386923902,16.39871382636656
GVR,2024-07-23,32240.000000000004,32670.0,29890.0,29890.0,3979857,False,34787.5,34037.4,32.749780953740185,-15.109343936381714,5436564.9,1,1,8.16326530612245,8.66510538641685,2.4422883907661426,14.720642355302777
GVR,2025-04-04,27260.0,27260.0,27260.0,27260.0,1439876,False,32662.0,31275.0,24.121198317472167,-13.184713375796175,3858703.75,1,1,-7.410124724871607,-5.24578136463683,-14.269992663242848,-3.9618488628026407
GVR,2025-04-08,25390.0,25390.0,25390.0,25390.0,463949,False,32290.0,31216.8,20.029610527106737,-19.26868044515103,3750517.55,1,1,0.9452540370224497,-5.238282788499409,-13.391098857818037,3.465931469082316
GVR,2025-04-09,23610.0,23610.0,23610.0,23610.0,461306,False,31824.0,31129.0,17.062703612584667,-19.36475409836066,3615655.2,1,1,9.40279542566709,-1.8636171113934774,-3.3460398136382885,16.730199068191446
GVR,2025-08-25,29480.0,29580.0,27950.0,28000.0,4993563,False,30414.5,30046.4,35.98327680215551,-11.811023622047244,6937870.6,1,1,2.821428571428571,3.1785714285714284,-0.35714285714285715,0.7142857142857143
GVR,2026-02-10,38000.0,38900.0,35950.0,35950.0,10816400,False,38915.0,31981.0,47.8410770726476,-10.124999999999995,8548275.0,1,1,1.2517385257301807,9.735744089012517,27.26008344923505,
GVR,2026-03-06,39650.0,41100.0,37750.0,37750.0,8579500,False,39937.5,35391.0,47.30259727261551,-17.486338797814206,7481440.0,1,1,-5.562913907284768,,,
GVR,2026-03-09,35150.0,35150.0,35150.0,35150.0,1767500,False,39605.0,35563.0,42.41202268539237,-19.38073394495413,7166615.0,1,1,,,,
GVR,2026-03-10,35150.0,36100.0,32700.000000000004,33350.0,14546300,False,39132.5,35701.0,39.37674419564215,-17.75585696670777,7433890.0,1,1,,,,
HDB,2022-10-11,8500.0,8660.0,8100.0,8250.0,4544214,False,9629.5,10150.2,18.131751980802076,-10.71428571428571,1731290.15,1,1,4.96969696969697,3.6363636363636362,-1.2121212121212122,-10.545454545454545
HDB,2022-11-07,7990.0,7990.0,7310.0,7310.0,4889468,False,8306.5,9350.0,22.99068424040681,-12.768496420047736,2292017.7,1,1,1.6415868673050615,1.6415868673050615,3.146374829001368,18.057455540355676
HDB,2025-01-10,17200.0,17230.0,16660.0,16660.0,16011743,False,18484.0,17370.2,35.30201817577133,-10.909090909090914,9961179.85,1,1,0.18007202881152462,4.141656662665065,4.861944777911164,5.762304921968788
HDB,2025-04-08,15730.0,15880.0,14920.0,14920.0,17304709,False,17377.0,17521.2,17.28552188801581,-13.807047949162332,11095227.15,1,1,6.970509383378016,6.233243967828418,4.892761394101877,9.584450402144784
HDB,2025-04-09,13920.0,15150.0,13880.0,14030.0,19250812,False,17161.0,17452.4,13.795124009609758,-12.965260545905721,11592136.25,1,1,15.395580898075565,13.471133285816109,11.831789023521026,18.175338560228084
HPG,2022-05-13,21870.0,22100.0,20500.0,20580.0,42997700,False,24019.5,25757.4,24.469853892137092,-12.648556876061123,19037155.0,1,1,6.41399416909621,4.907677356656948,-1.2633624878522838,-6.41399416909621
HPG,2022-05-16,21240.0,21500.0,20810.0,20810.0,29389700,False,23773.0,25635.8,26.799537067236162,-10.72501072501072,19904700.0,1,1,4.420951465641519,1.2493993272465163,-2.3546371936568957,-12.397885631907736
HPG,2022-06-14,18060.0,18090.0,17310.0,17370.0,28438400,False,19786.0,22597.8,23.077668379915963,-10.371517027863774,21055625.0,1,1,1.2089810017271159,-9.268854346574553,-1.8998272884283247,-2.763385146804836
HPG,2022-06-15,17260.0,17720.0,16540.0,16860.0,28702400,False,19534.0,22411.0,21.153731812309502,-12.461059190031154,21687085.0,1,1,-2.965599051008304,-3.3807829181494666,2.1945432977461445,0.1779359430604982
HPG,2022-06-21,16170.000000000002,16290.0,15530.0,15760.0,39935100,False,18687.5,21630.4,23.568931371020966,-11.311198649409116,24611160.0,1,1,4.758883248730964,8.121827411167512,5.2664974619289335,6.472081218274112
HPG,2022-10-04,15230.0,15340.0,14130.0,14280.0,30526975,False,17044.0,17393.8,17.857782978351363,-12.926829268292684,20138692.05,1,1,-6.652661064425771,-7.142857142857142,0.0,-20.448179271708682
HPG,2022-10-21,13860.0,13860.0,12800.0,12800.0,45174370,False,14690.5,16548.2,28.53380631640311,-10.364145658263302,25320797.4,1,1,0.0,-0.546875,-13.28125,-10.625
HPG,2022-10-24,12880.0,12920.0,12270.0,12420.0,27988297,False,14463.0,16442.0,26.62714819396152,-10.903873744619796,25425662.2,1,1,6.119162640901772,-4.508856682769726,-16.425120772946862,-8.776167471819646
HPG,2022-11-01,11930.0,12120.0,11210.0,11360.0,81584646,False,13448.0,15747.4,26.797745316314824,-13.808801213960542,31523109.9,1,1,-2.2887323943661975,-12.323943661971832,-16.637323943661972,16.02112676056338
HPG,2022-11-07,11020.0,11210.0,10380.0,10380.0,38281291,False,12908.0,15210.2,24.04440607382573,-10.748065348237311,32452521.6,1,1,-11.657032755298651,-10.982658959537572,9.152215799614643,45.95375722543353
HPG,2022-11-08,9920.0,10380.0,9850.0,9960.0,46290133,False,12743.0,15053.4,22.351717060957657,-13.46655082536924,33443986.45,1,1,-6.425702811244979,-4.919678714859438,12.550200803212853,41.46586345381526
HPG,2022-11-09,10000.0,10300.0,9810.0,9850.0,32797759,False,12527.0,14902.0,21.916542753904633,-11.261261261261257,33633146.2,1,1,-6.192893401015229,2.6395939086294415,6.091370558375635,40.40609137055838
HPG,2022-11-10,9620.0,9700.0,9170.0,9170.0,79765322,False,12247.0,14736.2,19.40179116237849,-11.657032755298646,36410993.7,1,1,3.271537622682661,17.77535441657579,18.538713195201744,56.161395856052344
HPG,2025-04-08,19580.0,20000.0,19080.0,19080.0,35517471,False,22441.0,22433.8,19.454566938589792,-15.98414795244386,28335758.65,1,1,6.132075471698113,12.89308176100629,9.381551362683439,12.0020964360587
HPG,2025-04-09,17750.0,18580.0,17750.0,17750.0,77212228,False,22155.5,22350.4,15.462766396836933,-15.956439393939393,30891090.8,1,1,18.985915492957748,19.718309859154928,19.943661971830988,19.267605633802816
MBB,2022-05-13,11740.0,11830.0,10880.0,10880.0,16132200,False,12991.5,13939.6,26.26459643587813,-10.892710892710888,11298135.0,1,1,10.569852941176471,12.040441176470589,16.176470588235293,14.0625
MBB,2022-05-16,11370.0,11440.0,11060.0,11100.0,7382400,False,12817.5,13868.2,29.537370472270435,-10.556003223207089,11271925.0,1,1,8.73873873873874,6.936936936936937,14.234234234234233,4.324324324324325
MBB,2022-10-10,9180.0,9430.0,8960.0,9340.0,11382702,False,10935.0,11812.6,21.88265375234983,-10.19230769230769,8070315.7,1,1,0.9635974304068522,1.4989293361884368,-9.528907922912206,-1.7130620985010707
MBB,2022-10-11,9370.0,9370.0,8690.0,8690.0,19410275,False,10758.5,11754.8,17.913340619993722,-11.3265306122449,8781370.0,1,1,10.93210586881473,9.4361334867664,2.186421173762946,7.249712313003452
MBB,2022-10-24,8830.0,8910.0,8370.0,8450.0,17426614,False,9716.0,11232.0,25.689490678585447,-10.864978902953581,10776531.95,1,1,12.189349112426036,13.491124260355031,8.63905325443787,0.591715976331361
MBB,2022-11-14,8640.0,8640.0,8180.0,8230.0,12035229,False,9184.5,10221.6,31.751201877709008,-10.348583877995644,12675182.8,1,1,3.2806804374240586,3.2806804374240586,13.24422843256379,16.52490886998785
MBB,2022-11-15,8130.000000000001,8230.0,7660.0,7660.0,23490878,False,9092.0,10118.6,27.056634518134302,-10.514018691588788,13371442.45,1,1,10.966057441253264,11.74934725848564,21.671018276762403,27.284595300261095
MBB,2025-04-08,15880.0,16440.0,15690.0,15690.0,64574243,False,17940.0,17501.4,23.939088260914904,-14.168490153172863,27421448.2,1,1,12.173358827278522,10.006373486297004,10.51625239005736,12.4282982791587
MSN,2022-01-06,133180.0,133180.0,127230.0,127230.0,1650400,False,135606.0,128865.6,38.3173234950293,-10.053022269353129,4237680.0,1,1,-5.792658964080799,-5.855537216065394,-2.994576750766329,-2.735203961329875
MSN,2022-03-11,123260.0,125320.0,117880.0,117880.0,1565500,False,130034.5,128057.6,33.997005307042556,-10.261875761266747,927055.0,1,1,-1.4082117407533086,-4.071937563624024,2.7315914489311166,4.2076688157448245
MSN,2022-03-14,117630.0,117630.0,110930.0,112580.0,1649600,False,129393.0,127480.2,29.11877625529312,-12.47764907097878,963250.0,1,1,1.4034464380884704,6.546455853615207,6.981701900870492,10.570261147628353
MSN,2022-05-13,102350.0,104230.0,96190.0,96190.0,1761600,False,116258.5,120096.8,25.470046321394545,-16.537960954446852,1137145.0,1,1,6.507953009668364,11.248570537477908,13.52531448175486,20.750597775236514
MSN,2022-05-16,98280.0,98870.0,89540.0,89540.0,1052900,False,114496.5,119290.2,21.84970792872494,-19.391429600288077,1149790.0,1,1,22.392226937681485,15.858834040652223,21.956667411212866,20.839848112575385
MSN,2022-06-14,103340.0,109000.0,103340.0,105520.0,1658900,False,110860.0,114476.4,41.245496815971656,-10.294992773952227,1020530.0,1,1,10.073919636087945,4.425701288855193,7.249810462471569,-3.3358605003790753
MSN,2022-10-10,80000.0,87000.0,77000.0,80500.0,1090154,False,102415.0,107382.0,12.29482423259002,-11.925601750547044,694000.4,1,1,-2.236024844720497,-1.8633540372670807,-9.565217391304348,4.968944099378882
MSN,2023-02-27,83900.0,84500.0,79900.0,79900.0,901379,False,92605.0,94740.0,25.330613102798488,-12.197802197802199,611312.3,1,1,-1.1264080100125156,-6.88360450563204,5.7571964956195245,-4.005006257822278
MSN,2023-09-25,75000.0,75400.0,70300.0,70300.0,3404221,False,79510.0,81688.0,26.486956600625422,-11.794228356336255,1924260.9,1,1,8.819345661450924,10.099573257467995,4.551920341394026,-6.116642958748222
MSN,2023-10-27,62000.0,62000.0,57200.0,57800.0,4380420,False,70055.0,75356.0,22.109550878236497,-13.602391629297461,1779054.85,1,1,2.941176470588235,10.55363321799308,6.747404844290658,6.920415224913495
MSN,2023-10-30,56000.0,59200.0,56000.0,58000.0,2163920,False,69085.0,74874.0,22.786848931226583,-12.121212121212121,1751116.3,1,1,8.103448275862068,10.344827586206897,6.896551724137931,5.0
MSN,2025-04-04,57200.0,58700.0,57200.0,58000.0,14296500,False,67725.0,67740.0,18.32301683749078,-12.38670694864048,6007950.0,1,1,-7.241379310344828,3.4482758620689653,0.1724137931034483,8.620689655172415
MSN,2025-04-08,55100.0,56800.0,54000.0,54000.0,5452200,False,66980.0,67510.0,14.309703442047471,-18.181818181818176,6024670.0,1,1,5.7407407407407405,8.333333333333332,8.703703703703704,16.296296296296298
MSN,2025-04-09,50300.0,52900.0,50300.0,50300.0,13474100,False,66050.0,67202.0,11.746703884994533,-18.07817589576547,6471700.0,1,1,19.284294234592444,12.127236580516898,18.48906560636183,23.26043737574553
MSN,2025-10-21,79900.0,80000.0,76200.0,78000.0,28573200,False,82715.0,83074.0,39.506731670069186,-11.564625850340137,11379550.0,1,1,1.6666666666666667,1.282051282051282,2.564102564102564,1.282051282051282
MSN,2025-10-22,79900.0,80600.0,77400.0,79000.0,13805300,False,82520.0,83014.0,42.026178910029515,-10.22727272727273,11808040.0,1,1,-0.6329113924050633,0.25316455696202533,1.5189873417721518,-0.25316455696202533
MSN,2026-03-09,68200.0,70000.0,68200.0,68200.0,4325700,False,78055.0,78370.0,22.444347443478076,-10.26315789473684,6717900.0,1,1,,,,
MWG,2022-05-13,64670.0,65010.00000000001,60200.0,60200.0,2746800,False,71238.5,69206.2,28.929771305251677,-10.708988430732724,2218695.0,1,1,6.710963455149489,7.109634551495028,17.259136212624586,20.681063122923586
MWG,2022-05-16,63760.0,63760.0,58320.0,59190.0,1334500,False,70360.5,69095.6,27.675863066696888,-12.76344878408253,2139125.0,1,1,8.126372698090893,6.3355296502787635,18.04358844399392,14.563270822774117
MWG,2022-06-22,73240.0,73240.0,67040.0,67620.0,3815800,False,71624.0,70299.4,43.79527628501595,-10.163411717815862,2364245.0,1,1,2.4253179532682636,4.58444247264123,-8.31115054717539,-12.318840579710146
MWG,2022-10-07,54730.0,56090.0,52310.0,52310.0,5576279,False,65016.0,64670.4,23.01157195155568,-11.474022677271956,3673591.95,1,1,6.480596444274517,10.934811699483845,0.7455553431466259,-14.719938826228255
MWG,2022-10-24,52800.0,53280.0,49020.0,49020.0,4829842,False,57285.5,63537.0,27.40866895345221,-14.225721784776901,3039261.65,1,1,5.324357405140759,1.9787841697266422,-15.320277437780497,-19.66544267645859
MWG,2022-10-25,49110.0,52310.0,47470.0,50370.0,4401686,False,56554.0,63323.8,31.66663845051938,-10.959872724058684,3182491.6,1,1,2.3228111971411556,-3.65296803652968,-14.234663490172721,-22.692078618225136
MWG,2022-11-07,44560.0,45090.0,41510.0,41510.0,5346395,False,51788.0,60481.4,24.18802757452878,-10.731182795698924,3070476.2,1,1,-1.1563478679836183,-5.131293664177307,-5.131293664177307,11.081667068176342
MWG,2022-11-14,40690.0,41410.0,39140.0,39380.0,3516167,False,48242.5,57577.2,27.282926552381724,-10.662431941923778,3301198.5,1,1,2.8186896901980703,0.0,-1.244286439817166,12.899949212798376
MWG,2022-11-15,37010.0,38260.0,36670.0,36670.0,2985953,False,47218.5,56898.2,24.324341725548354,-10.62637094808676,3347731.45,1,1,11.344423234251432,6.1903463321516226,13.0624488682847,22.57976547586583
MWG,2023-10-19,43230.0,43720.0,42050.0,42050.0,8075310,False,48128.5,50684.8,27.66284186670454,-11.52956027771933,7515158.35,1,1,0.0,-2.306777645659929,-13.93579072532699,-3.4720570749108206
MWG,2023-10-31,39510.0,39810.0,36870.0,36870.0,13216953,False,44378.0,48971.2,22.916825189625243,-10.248296007789682,7819550.1,1,1,3.308923243829672,1.3289937618660157,10.089503661513426,0.7865473284513154
MWG,2023-11-01,36190.0,36870.0,34330.0,34330.0,21104571,False,43688.5,48699.4,19.61949896215474,-16.431353456669918,8633389.45,1,1,8.389163996504514,12.816778327993008,19.37081270026216,10.544713078939703
MWG,2025-04-08,48500.0,49290.0,48450.0,48450.0,11938411,False,58515.0,57841.8,16.827009435393357,-16.42228739002932,8038255.2,1,1,7.636738906088751,16.181630546955624,16.594427244582043,22.889576883384933
MWG,2025-04-09,45100.0,48500.0,45100.0,45590.0,20211880,False,57689.0,57616.0,13.900220379357595,-15.448813056379818,8569650.65,1,1,22.39526211888572,22.812020179864007,27.155077867953498,31.47620092125466
MWG,2026-03-09,77000.0,77000.0,77000.0,77000.0,4983800,False,89695.0,88130.0,25.535294315698977,-13.288288288288285,8407280.0,1,1,,,,
PLX,2022-03-14,50480.0,50920.0,48980.0,49070.0,3858900,False,53541.0,50784.4,38.41926779495197,-11.281865847043937,3619120.0,1,1,-0.18341145302628897,0.18341145302628897,0.18341145302628897,-2.3232117383329935
PLX,2022-05-09,40160.0,40160.0,37400.0,37400.0,2497600,False,44344.0,48433.0,19.754966417318062,-12.43268555373449,1553520.0,1,1,-9.385026737967914,-8.235294117647058,-5.53475935828877,5.401069518716577
PLX,2022-05-10,35380.0,37750.0,35380.0,37480.0,1181500,False,43733.5,48069.4,20.2869507715141,-10.313472122517354,1456020.0,1,1,-12.51334044823906,-2.1077908217716117,-6.323372465314835,9.391675560298825
PLX,2022-05-13,33890.0,34240.0,32520.000000000004,32790.0,2015800,False,41624.5,46866.0,13.974893806571814,-12.513340448239063,1509210.0,1,1,10.826471485208906,8.417200365965233,14.05916437938396,20.463555962183595
PLX,2022-06-13,38100.0,39110.0,36870.0,36870.0,1678400,False,37846.0,41265.8,40.52239622044232,-10.357403355215167,1399470.0,1,1,0.10848928668294007,-6.536479522647139,-1.1933821535123406,-5.939788445890969
PLX,2022-10-24,27740.0,28270.0,25720.0,25720.0,1452835,False,28987.0,33125.4,23.67276077684963,-11.887632750942101,1158020.0,1,1,-0.6609642301710731,-2.7216174183514776,-1.516329704510109,-9.992223950233281
PLX,2022-10-25,25550.0,25980.0,23970.0,24580.0,1631595,False,28662.0,32880.4,20.849415439448542,-16.422985379122746,1172655.1,1,1,3.580146460537022,3.9462978030919444,5.1668022782750205,-2.4410089503661516
PLX,2022-10-26,24360.0,24980.0,24230.0,24360.0,627605,False,28348.0,32628.4,20.345128134823007,-11.898734177215186,1168125.95,1,1,2.70935960591133,5.582922824302135,8.579638752052546,0.12315270935960591
PLX,2025-04-04,33670.0,34540.0,33670.0,34540.0,4401941,False,39517.0,40062.2,18.98750464904588,-11.413182867401893,1461913.1,1,1,-7.26693688477128,-2.3740590619571513,-5.327156919513596,0.0
PLX,2025-04-08,32369.999999999996,33770.0,32170.0,32170.0,1903706,False,39045.0,39934.4,14.543679402489104,-17.300771208226216,1453163.65,1,1,6.3102269194902085,1.0568852968604177,-0.4351880634131178,5.7196145477152625
PLX,2025-04-09,29950.0,32030.0,29950.0,29950.0,2656049,False,38447.5,39762.2,11.765870038424078,-17.242332135949155,1506772.45,1,1,12.587646076794659,6.611018363939899,8.080133555926531,14.691151919866444
PLX,2026-03-09,65900.0,65900.0,57700.0,57700.0,13231700,False,58440.0,51360.0,50.46305178616098,-16.97841726618705,8342325.0,1,1,,,,
PLX,2026-03-10,55000.0,58100.0,53700.0,53700.0,8193700,False,58125.0,51737.0,44.44563866979257,-17.00154559505409,8333750.0,1,1,,,,
PLX,2026-03-11,51600.0,55200.0,51400.0,55200.0,8718600,False,57885.0,52135.0,46.99801328757645,-10.967741935483865,8493685.0,1,1,,,,
POW,2021-07-12,8780.0,8820.0,8170.0,8250.0,17743200,False,9661.5,9767.6,19.94855617523293,-11.003236245954696,10545100.0,1,1,5.454545454545454,-0.48484848484848486,3.5151515151515147,9.818181818181818
POW,2022-04-19,11980.0,12190.0,11160.0,11160.0,11657500,False,13151.5,13873.8,23.422038063051293,-13.151750972762644,11310825.0,1,1,-1.1648745519713262,-3.763440860215054,4.749103942652329,-5.197132616487455
POW,2022-04-20,11160.0,11410.0,10740.0,10790.0,16671300,False,13009.0,13793.8,21.318284628980265,-11.193415637860083,11484015.0,1,1,-4.633920296570899,-0.8341056533827619,6.487488415199258,-1.9462465245597778
POW,2022-05-13,10210.0,10370.0,9460.0,9460.0,19896800,False,11057.5,12566.4,28.590997164311077,-13.921747042766153,12441265.0,1,1,10.570824524312897,11.839323467230443,16.596194503171247,31.07822410147992
POW,2022-05-16,9920.0,10120.0,9550.0,9590.0,9065600,False,10894.5,12469.8,30.498430147071172,-12.098991750687437,12585325.0,1,1,10.323253388946819,9.906152241918665,15.954118873826904,31.386861313868614
POW,2022-06-22,11410.0,11610.0,10740.0,10740.0,37401500,False,11893.5,11371.8,41.3637783105116,-19.30879038317055,23641040.0,1,1,6.610800744878957,5.772811918063315,-1.48975791433892,3.910614525139665
POW,2022-10-03,10210.0,10250.0,9500.0,9500.0,10770978,False,11150.5,11284.4,24.022601583771767,-10.546139359698682,16054298.55,1,1,-0.8421052631578947,-4.315789473684211,-2.9473684210526314,-10.0
POW,2022-10-11,9090.0,9090.0,8470.0,8470.0,12475213,False,10436.0,11081.0,26.22672591624414,-10.08492569002123,14103173.45,1,1,5.430932703659976,8.264462809917356,-2.715466351829988,2.0070838252656436
POW,2022-10-24,8640.0,8720.0,8060.000000000001,8170.0,11415697,False,9317.5,10617.2,28.73863691771285,-10.121012101210125,9922825.0,1,1,5.263157894736842,4.651162790697675,-0.9791921664626682,4.16156670746634
POW,2024-07-19,11740.0,11780.0,10950.0,10990.0,24775255,False,12218.0,11279.8,37.91735697416418,-10.722989439480102,15479300.3,1,1,-0.7279344858962694,1.910828025477707,3.821656050955414,1.1828935395814377
POW,2025-04-04,9220.0,9590.0,9220.0,9420.0,26896601,False,10319.0,10061.6,32.42534762153094,-11.962616822429906,11607913.45,1,1,-7.006369426751593,3.0785562632696393,6.1571125265392785,12.314225053078557
POW,2025-04-08,9220.0,9420.0,8800.0,8800.0,18670746,False,10261.0,10045.8,25.69084615256616,-16.824196597353502,12277121.1,1,1,6.136363636363637,10.795454545454545,11.25,19.772727272727273
POW,2025-04-09,8200.0,9090.0,8200.0,8210.0,15905484,False,10173.5,10021.6,21.18227935814981,-16.902834008097166,12908616.8,1,1,18.270401948842874,19.853836784409257,20.34104750304507,30.328867235079173
POW,2026-03-06,15050.0,15350.0,14500.0,14550.0,32295600,False,14247.5,13834.0,52.310134842937,-12.084592145015105,25171345.0,1,1,-6.872852233676976,,,
POW,2026-03-09,13900.0,13950.0,13550.0,13550.0,16329400,False,14207.5,13859.0,44.3627768521625,-12.297734627831714,24987060.0,1,1,,,,
POW,2026-03-10,13550.0,13750.0,12750.0,13100.0,47237500,False,14147.5,13877.0,41.32049367738216,-13.531353135313529,26287105.0,1,1,,,,
SAB,2023-10-30,51890.0,51890.0,50000.0,50000.0,380510,False,56235.0,61240.2,24.151701172405822,-12.141978562642775,433415.3,1,1,0.98,8.88,0.8200000000000001,5.76
SAB,2023-10-31,50080.0,50170.0,46630.0,46630.0,842881,False,55676.0,60909.6,19.616063119328896,-14.346069066862599,445117.9,1,1,12.695689470298092,14.818786189148616,9.350203731503324,14.454214025305598
SAB,2025-04-04,38480.0,40460.0,38480.0,39110.0,3851521,False,44902.5,46244.4,10.531789549988993,-12.151841868822999,1514954.35,1,1,8.7701355152135,14.19074405522884,8.642290974175403,11.991817949373562
SAB,2025-04-08,39110.0,40190.0,38250.0,38430.0,3267737,False,44505.5,46036.8,9.638569092684786,-13.601618705035968,1617580.4,1,1,15.040333073119957,14.337756960707782,9.393702836325787,15.040333073119957
SHB,2021-06-08,14300.0,14300.0,11840.0,12720.0,53639560,False,12925.5,11340.8,53.50582885619516,-10.485573539760729,31898211.8,1,1,2.751572327044025,-3.459119496855346,-6.210691823899371,3.0660377358490565
SHB,2021-07-09,12320.0,12590.0,11360.0,11400.0,21871847,False,12286.0,12364.0,37.838198419333104,-13.043478260869568,25729716.4,1,1,-4.2105263157894735,8.070175438596491,1.5789473684210527,11.578947368421053
SHB,2021-07-12,11400.0,11620.0,10310.0,10390.0,41657704,False,12165.0,12353.4,30.424636499618973,-20.19969278033794,26829545.45,1,1,15.206929740134745,8.084696823869104,11.453320500481231,22.810394610202117
SHB,2021-07-13,10440.0,10920.0,10220.0,10660.0,21975443,False,12084.0,12357.0,34.13954619882959,-13.474025974025972,26360904.0,1,1,15.572232645403378,11.44465290806754,10.22514071294559,21.388367729831145
SHB,2022-01-19,11380.0,11550.0,10490.0,10490.0,7557900,False,11683.5,12229.8,32.673567921432486,-14.016393442622954,11739450.0,1,1,6.48236415633937,14.775977121067681,24.59485224022879,14.204003813155385
SHB,2022-04-12,10870.0,10950.0,10300.0,10300.0,9283100,False,11646.0,11825.8,26.962381976102613,-10.976663785652551,9847700.0,1,1,2.3300970873786406,-4.466019417475728,-16.796116504854368,-27.864077669902915
SHB,2022-04-20,9760.0,10000.0,9160.0,9160.0,8241200,False,11152.5,11596.8,21.18702360768005,-13.092979127134729,8950295.0,1,1,-8.51528384279476,-4.148471615720524,-8.296943231441048,-12.663755458515283
SHB,2022-04-21,8950.0,9380.0,8540.0,8780.0,19085000,False,10996.5,11511.0,18.9977475303127,-16.698292220113853,9481510.0,1,1,-2.3917995444191344,0.0,-10.478359908883828,-10.478359908883828
SHB,2022-05-09,8460.0,8460.0,7830.0,7860.0,15576800,False,9449.0,10795.0,23.04207685053595,-13.149171270718229,9440950.0,1,1,-5.470737913486006,-16.157760814249365,0.0,-3.0534351145038165
SHB,2022-05-10,7590.0,8000.0,7540.0,7970.0,10894600,False,9287.5,10719.2,25.436810622649364,-10.949720670391061,9421330.0,1,1,-12.923462986198246,-11.543287327478042,-2.0075282308657463,-7.151819322459223
SHB,2022-05-13,7430.0,7430.0,6910.0,6940.0,16984900,False,8814.5,10461.0,18.84786016523979,-12.923462986198242,9447705.0,1,1,8.645533141210375,15.273775216138327,18.73198847262248,11.671469740634006
SHB,2022-05-16,7050.0,7320.0,6590.0,6590.0,13082500,False,8611.5,10365.2,17.155046037364816,-17.002518891687657,9785185.0,1,1,18.81638846737481,19.271623672230653,24.582701062215477,11.077389984825494
SHB,2022-10-10,5450.0,5640.0,5270.0,5480.0,12951294,False,6818.0,7680.8,18.860599093112352,-13.564668769716093,7936936.55,1,1,1.824817518248175,13.686131386861314,-2.0072992700729926,5.839416058394161
SHB,2022-10-11,5370.0,5450.0,5100.0,5100.0,14329371,False,6682.5,7624.0,16.195783975940415,-14.429530201342278,8346024.65,1,1,16.862745098039216,19.607843137254903,12.156862745098039,18.43137254901961
SHB,2022-10-24,5640.0,5800.0,5350.0,5370.0,11781933,False,6025.0,7194.0,32.42349540428205,-11.092715231788075,10171785.25,1,1,12.476722532588454,15.64245810055866,8.007448789571695,5.027932960893855
SHB,2022-11-11,5690.0,5770.0,5420.0,5420.0,7231050,False,5905.0,6486.8,37.918298532756744,-10.264900662251652,10788856.5,1,1,-5.166051660516605,1.107011070110701,7.011070110701106,21.95571955719557
SHB,2022-11-14,5420.0,5450.0,5090.0,5160.0,12227950,False,5851.5,6422.4,34.420451668981414,-13.422818791946312,10676764.65,1,1,5.038759689922481,9.30232558139535,20.155038759689923,26.937984496124027
SHB,2022-11-15,5060.0,5330.0,4800.0,4800.0,14545491,False,5786.5,6350.4,30.25836394961961,-13.669064748201443,10937361.35,1,1,14.166666666666666,17.5,31.874999999999996,41.66666666666667
SHB,2023-09-26,8090.0,8310.0,7950.0,7950.0,22012225,False,8958.0,9120.2,24.23826871627916,-10.372040586245767,23642509.95,1,1,2.767295597484277,-2.3899371069182394,0.37735849056603776,-1.8867924528301887
SHB,2025-04-08,10020.0,10020.0,9590.0,9590.0,68979431,False,9958.5,8962.2,47.38109768142673,-10.373831775700937,64981689.5,1,1,8.02919708029197,5.839416058394161,17.413972888425445,14.702815432742439
SHB,2025-08-25,17450.0,17500.0,16250.0,16300.0,113260116,False,16781.0,14038.0,51.434700895350296,-10.928961748633881,122223711.9,1,1,12.883435582822086,16.87116564417178,9.202453987730062,6.441717791411043
SSB,2021-06-09,19990.0,21320.0,19820.0,19840.0,2641700,True,18165.5,15348.2,65.34836851432351,-11.665182546749776,2789020.0,1,1,6.955645161290322,-1.0080645161290323,-1.2096774193548387,4.233870967741935
SSB,2022-01-11,22820.0,23070.0,22270.0,22270.0,1542500,True,23851.5,22639.6,38.55852107273641,-11.168727562824088,2392045.0,1,1,6.8253255500673555,5.343511450381679,10.01347103726987,2.469690166142793
SSB,2024-06-26,18710.0,19320.0,18220.0,18620.0,3419384,True,19351.0,19342.6,38.52289892291212,-10.951697752271638,2784025.75,1,1,-1.4500537056928033,-0.966702470461869,-1.1815252416756177,3.7593984962406015
SSB,2024-09-11,17000.0,17500.0,16000.0,16000.0,2221300,True,18787.5,18810.8,19.022353214415766,-11.111111111111116,2497819.95,1,1,-4.6875,-2.5,4.0625,9.375
SSB,2024-09-12,16100.000000000002,16500.0,15050.0,15050.0,5282900,True,18602.5,18743.8,15.541435900724299,-16.850828729281766,2642083.95,1,1,2.6578073089700998,10.631229235880399,12.956810631229235,16.27906976744186
SSB,2024-09-13,15500.0,15700.0,15200.0,15250.0,2204100,True,18414.5,18680.0,18.905854619319577,-10.29411764705882,2646464.55,1,1,2.2950819672131146,8.524590163934425,11.475409836065573,15.40983606557377
SSI,2022-01-17,29230.0,29480.0,27310.0,27310.0,32346300,False,30364.0,30377.6,35.81019342387607,-10.28252299605782,14975630.0,1,1,0.8787989747345295,-8.53167337971439,1.2083485902599782,1.5378982057854267
SSI,2022-01-18,26700.0,27180.0,25410.0,25500.0,15992300,False,30026.5,30351.2,30.39526440509984,-13.412563667232602,14846045.0,1,1,5.294117647058823,1.1764705882352942,7.92156862745098,6.352941176470588
SSI,2022-04-18,23690.0,24110.0,22420.0,22600.0,16501500,False,25828.5,26671.2,26.69619871251842,-11.890838206627684,8046035.0,1,1,-3.8495575221238942,-10.530973451327434,-14.646017699115044,-23.58407079646018
SSI,2022-04-19,22660.0,23150.0,21100.0,21100.0,12058200,False,25548.5,26540.4,22.061409750496573,-16.666666666666664,8301080.0,1,1,2.985781990521327,-1.4218009478672986,-11.421800947867299,-18.578199052132703
SSI,2022-04-20,21070.0,21700.0,20920.0,21220.0,10151300,False,25273.0,26414.4,23.209986321036784,-11.98672749896309,8508355.0,1,1,-4.71253534401508,-2.2620169651272386,-18.049010367577758,-19.180018850141376
SSI,2022-05-06,18080.0,18500.0,17390.0,17390.0,15138700,False,22277.5,25012.2,18.233313136812043,-13.996043521266078,9505135.0,1,1,-3.9677975848188614,-10.580793559516964,-1.380103507763082,1.380103507763082
SSI,2022-05-09,17150.0,17180.0,16180.0,16180.0,19409400,False,21742.5,24789.6,15.821122306015898,-16.122343182996367,10068020.0,1,1,-3.8936959208899875,1.73053152039555,-1.2978986402966626,8.034610630407911
SSI,2022-05-10,15670.0,16910.0,15640.0,16820.0,15410200,False,21256.0,24588.4,21.72008568906968,-10.005350454788653,10356510.0,1,1,-7.5505350772889415,4.4589774078478,0.713436385255648,1.070154577883472
SSI,2022-06-13,15970.0,16270.0,15640.0,15640.0,20886700,False,17303.5,19877.6,32.239141127468166,-11.438278595696493,18783480.0,1,1,-14.641943734015344,-26.0230179028133,-15.34526854219949,-11.892583120204604
SSI,2022-06-14,15310.0,15490.0,14560.0,14680.0,18121100,False,17159.0,19664.8,28.03325712706155,-16.01830663615561,18705880.0,1,1,-15.39509536784741,-24.863760217983653,-10.899182561307901,-5.040871934604905
SSI,2022-06-15,14770.0,14920.0,13650.0,13650.0,19494300,False,16978.0,19420.6,24.36109896503221,-18.701608100059563,18442985.0,1,1,-15.238095238095239,-13.47985347985348,-3.4432234432234434,1.1721611721611722
SSI,2022-06-16,14100.0,14100.0,13230.0,13350.0,13558700,False,16786.5,19145.2,23.39965073066425,-14.64194373401535,18166455.0,1,1,-17.378277153558052,-7.5655430711610485,-6.067415730337078,7.490636704119851
SSI,2022-06-17,12570.0,12960.0,12420.0,12420.0,20938200,False,16550.0,18859.6,20.675498368416577,-15.39509536784741,18385980.0,1,1,-4.911433172302738,-0.08051529790660225,5.797101449275362,13.365539452495975
SSI,2022-06-20,12450.0,12840.0,11570.0,11570.0,18264500,False,16330.0,18553.4,18.549886632147835,-15.238095238095239,17757560.0,1,1,6.65514261019879,14.433880726015557,16.508210890233364,20.48401037165082
SSI,2022-06-21,11060.0,12000.0,10880.0,11030.0,24985100,False,16034.5,18243.0,17.330874711087592,-17.378277153558052,17915030.0,1,1,12.511332728921124,18.5856754306437,19.12964641885766,24.932003626473254
SSI,2022-10-24,10880.0,10940.0,10080.0,10080.0,23359518,False,11874.0,13983.4,28.264877329171707,-14.43123938879457,16651994.4,1,1,4.9603174603174605,7.936507936507936,-5.357142857142857,6.547619047619048
SSI,2022-10-25,10080.0,10710.0,9540.0,10040.0,23004571,False,11724.0,13852.0,28.048061293263505,-13.522825150732132,17254267.5,1,1,5.677290836653386,12.649402390438247,-0.29880478087649404,8.665338645418327
SSI,2022-11-07,10180.0,10340.0,9540.0,9540.0,21171194,False,10962.0,12751.4,31.43672268618087,-13.351498637602177,18179815.0,1,1,-2.8301886792452833,-0.3144654088050315,12.578616352201259,45.492662473794546
SSI,2022-12-26,12140.0,12210.0,11380.0,11380.0,18634677,False,13033.5,11542.4,40.32634802558802,-11.645962732919257,26385407.6,1,1,3.163444639718805,10.808435852372583,10.808435852372583,26.62565905096661
SSI,2023-09-25,22330.0,22950.0,21050.0,21050.0,42959790,False,23612.0,21545.8,37.13003934545152,-16.732594936708857,30836326.95,1,1,6.413301662707839,5.748218527315915,9.358669833729216,0.8076009501187649
SSI,2023-09-26,21500.0,22500.0,21010.0,21430.0,38712113,False,23567.0,21579.2,40.30940579716402,-11.078838174273864,31149822.0,1,1,2.8931404573028465,-2.2865142323845076,5.832944470368642,0.4666355576294913
SSI,2023-10-30,20110.0,20350.0,19070.0,19070.0,16795444,False,21782.0,22462.2,34.19565132870852,-10.720973782771537,25329805.5,1,1,5.08652333508128,5.453592029365495,14.368117461982171,12.74252753015207
SSI,2023-10-31,19110.0,19350.0,17790.0,17860.0,36443865,False,21628.0,22426.8,29.866458455554508,-10.25125628140704,25039238.15,1,1,12.206047032474803,10.078387458006718,23.292273236282195,21.948488241881297
SSI,2025-04-08,20430.0,20520.0,19630.0,19630.0,31540441,False,23227.5,22865.0,19.44222551084067,-16.46808510638298,28707731.65,1,1,6.113092205807438,5.450840550178299,0.6622516556291391,3.871625063678044
SSI,2025-04-09,18300.0,19590.0,18300.0,18300.0,73704092,False,22956.5,22796.6,15.543599696776669,-16.24713958810069,31071087.65,1,1,16.994535519125684,11.639344262295081,10.437158469945356,12.622950819672132
SSI,2026-03-09,29300.0,29450.0,29300.0,29300.0,33530000,False,31492.5,31343.0,36.78610825509907,-13.056379821958453,39894660.0,1,1,,,,
SSI,2026-03-10,30000.0,30500.0,29000.0,29650.0,81041100,False,31430.0,31320.0,39.24598383838689,-11.492537313432837,42565175.0,1,1,,,,
STB,2021-06-08,30200.0,31300.0,28600.0,28600.0,47297600,False,29552.5,25414.0,50.153075584696936,-12.671755725190836,43828470.0,1,1,6.643356643356643,5.244755244755245,5.594405594405594,6.118881118881119
STB,2022-04-19,29100.0,29400.0,27500.0,27500.0,15852000,False,31722.5,32475.0,24.397168032301174,-10.71428571428571,13519290.0,1,1,4.7272727272727275,-0.36363636363636365,-2.181818181818182,-20.909090909090907
STB,2022-05-09,25100.0,25100.0,23750.0,23750.0,23972900,False,28357.5,30796.0,24.116154079470288,-11.214953271028039,12067885.0,1,1,-7.578947368421053,-19.789473684210527,-14.315789473684209,-13.684210526315791
STB,2022-05-10,22550.0,23900.0,22550.0,23900.0,18391700,False,27957.5,30616.0,25.28273890719383,-11.152416356877326,12413540.0,1,1,-14.435146443514643,-14.853556485355648,-8.99581589958159,-15.481171548117153
STB,2022-05-13,21500.0,21950.0,20450.0,20450.0,22537200,False,26597.5,29965.0,17.79448009218181,-14.435146443514647,13639830.0,1,1,6.356968215158925,5.623471882640587,8.80195599022005,7.090464547677261
STB,2022-05-16,21100.0,21300.0,19050.0,19050.0,35190100,False,26010.0,29721.0,15.666465028973153,-19.108280254777064,15075955.0,1,1,14.173228346456693,6.824146981627297,19.68503937007874,8.136482939632545
STB,2022-10-07,17600.0,17600.0,16750.0,16750.0,40977757,False,20857.5,23342.0,20.699641877940515,-10.666666666666668,11715725.2,1,1,1.1940298507462688,5.3731343283582085,-4.776119402985075,-0.8955223880597015
STB,2022-10-10,16200.0,17250.0,15750.0,17000.0,34121294,False,20552.5,23193.0,23.26115792735097,-11.688311688311693,13134751.2,1,1,3.823529411764706,6.764705882352941,-12.647058823529411,-8.823529411764707
STB,2022-10-11,16950.0,17000.0,15850.0,15850.0,24978458,False,20192.5,23016.0,20.052439155478446,-11.944444444444446,14057034.1,1,1,11.35646687697161,11.67192429022082,-5.993690851735016,3.7854889589905363
STB,2022-10-24,16050.0,16350.000000000002,14850.0,14850.0,27149344,False,17962.5,21549.0,25.764355157697338,-14.161849710982654,18062637.35,1,1,8.080808080808081,8.754208754208742,4.377104377104377,12.457912457912458
STB,2022-10-25,14900.0,15850.0,14050.0,14900.0,22834518,False,17682.5,21334.0,26.223757182237456,-13.119533527696792,18932318.25,1,1,8.389261744966431,13.422818791946309,10.40268456375839,13.422818791946309
STB,2025-04-08,36000.0,36900.0,34800.0,34800.0,50377200,False,38452.5,38343.0,30.346937837731318,-11.337579617834393,16511340.0,1,1,8.764367816091955,10.488505747126437,16.810344827586206,14.224137931034484
STB,2025-11-07,51700.0,51900.0,48350.0,48350.0,20318100,False,55852.5,56355.0,29.22594201945616,-10.296846011131722,7725565.0,1,1,4.653567735263702,-0.6204756980351602,6.10134436401241,1.7580144777662874
TCB,2022-05-13,17150.0,17380.0,15970.0,15970.0,15203300,False,19725.0,21831.2,20.16365085779308,-12.636761487964987,8983495.0,1,1,6.637445209768315,5.572949279899812,10.770194113963683,12.273011897307452
TCB,2022-05-16,16580.0,16910.0,15400.0,15400.0,11689600,False,19378.0,21674.4,18.63116494014605,-16.39522258414766,9151770.0,1,1,9.805194805194805,6.883116883116883,15.779220779220779,10.454545454545453
TCB,2022-10-07,13650.0,13650.0,12870.0,12870.0,14353686,False,15841.0,17287.2,9.349683243688963,-10.062893081761004,3804366.05,1,1,-8.935508935508937,-5.672105672105672,-15.92851592851593,-6.371406371406371
TCB,2022-10-10,12190.0,12730.0,11980.0,12190.0,18278239,False,15565.0,17178.6,7.923671975552087,-15.40596807772381,4653578.1,1,1,-1.9688269073010665,-2.7071369975389663,-17.473338802296965,-7.957342083675144
TCB,2022-10-11,12190.0,12190.0,11340.0,11340.0,21192923,False,15251.0,17047.4,6.573942693685283,-18.063583815028906,5628772.4,1,1,7.054673721340388,5.379188712522046,-11.28747795414462,0.6172839506172839
TCB,2022-10-24,10890.0,11030.0,10060.0,10060.0,11803332,False,12987.5,15844.8,13.874086999669109,-15.46218487394958,7853744.05,1,1,7.256461232604374,15.50695825049702,11.530815109343937,4.473161033797217
TCB,2022-10-25,10060.0,10610.0,9450.0,10060.0,9596304,False,12699.0,15679.4,13.87408699966911,-13.425129087779686,8216714.4,1,1,14.612326043737575,20.47713717693837,13.419483101391648,2.584493041749503
TCB,2025-04-08,24360.0,24360.0,23330.0,23330.0,33491013,False,26571.5,25787.8,24.071131001218866,-14.164827078734366,17996315.45,1,1,11.05872267466781,8.572653236176597,5.01500214316331,15.259322760394342
TCB,2026-03-04,33500.0,33700.0,31800.0,32500.0,30866600,False,35057.5,35168.0,31.594142956452632,-10.344827586206895,11821985.0,1,1,-10.0,-4.3076923076923075,,
TPB,2021-07-14,11980.0,12080.0,11360.0,11390.0,5212700,False,12540.0,12137.4,37.35070863764861,-10.806577916992953,5014985.0,1,1,-4.389815627743634,0.35118525021949076,3.6874451273046533,12.115891132572433
TPB,2022-06-14,12820.0,12820.0,12120.0,12350.0,4019300,False,14380.0,15771.0,28.08492986082375,-11.785714285714288,2831100.0,1,1,-3.8056680161943324,-3.2388663967611335,4.129554655870446,0.728744939271255
TPB,2022-06-15,12350.0,12440.0,11560.0,12370.0,3493100,False,14248.0,15634.0,28.363470693053,-10.621387283236993,2808255.0,1,1,-5.6588520614389655,-1.2934518997574778,3.2336297493936947,0.40420371867421184
TPB,2022-10-10,9690.0,10110.0,9690.0,9690.0,2389500,False,11540.0,12466.6,14.12624297411164,-13.404825737265414,1356880.9,1,1,-0.9287925696594427,-0.9287925696594427,-3.0959752321981426,-3.3023735810113517
TPB,2022-10-11,9020.0,9320.0,9020.0,9020.0,8999630,False,11365.5,12399.0,11.37029092273282,-19.392314566577305,1768195.8,1,1,6.430155210643015,6.430155210643015,4.1019955654102,5.875831485587583
TPB,2025-04-04,11010.0,11500.0,11010.0,11320.0,42689790,False,13342.5,14192.2,15.123648532349812,-10.866141732283463,21529477.35,1,1,-1.9434628975265018,2.385159010600707,6.27208480565371,10.159010600706713
TPB,2025-04-08,11010.0,11100.0,10570.0,10570.0,30414597,False,13152.0,14112.4,12.041966119217614,-16.442687747035578,22445628.65,1,1,10.879848628192999,7.473982970671712,12.582781456953644,17.975402081362347
TPB,2025-04-09,9850.0,11050.0,9850.0,10390.0,30885432,False,12950.0,14032.6,11.43949783473927,-12.023708721422521,23517837.65,1,1,11.549566891241577,10.68334937439846,15.399422521655437,26.082771896053895
VCB,2022-10-11,36720.0,37110.0,34860.0,34860.0,1162567,False,41527.0,43966.2,15.812644198121859,-11.56773211567732,1006042.1,1,1,9.839357429718875,9.208261617900172,12.736660929432015,17.096959265633966
VCB,2025-04-08,59370.0,59370.0,55400.0,55400.0,7191341,False,64261.5,62610.0,21.193035239391477,-13.881548266749578,3959020.3,1,1,7.166064981949459,7.527075812274369,4.837545126353791,1.4259927797833936
VCB,2025-04-09,51630.0,59270.0,51630.0,52120.0,9007761,False,63653.5,62438.4,16.96287934918553,-12.944713546016374,4227172.65,1,1,12.950882578664622,12.950882578664622,10.475825019186493,7.808902532617037
VHM,2022-09-28,53600.0,54000.0,51000.0,51200.0,2627228,False,58795.0,59746.0,19.22205344761792,-10.48951048951049,1969262.05,1,1,-1.5625,5.078125,2.5390625,-15.0390625
VHM,2022-10-24,47950.0,47950.0,44600.0,44600.0,1836664,False,51222.5,56423.0,21.98388716944971,-10.799999999999999,2849183.6,1,1,-1.345291479820628,0.8968609865470852,-1.5695067264573992,5.2690582959641254
VHM,2022-10-25,44600.0,44700.0,41500.0,44600.0,6295967,False,50747.5,56091.0,21.983887169449705,-10.799999999999999,3102006.95,1,1,0.672645739910314,0.8968609865470852,-1.7937219730941705,1.5695067264573992
VHM,2023-08-21,56800.0,57200.0,55700.0,56000.0,5230959,False,60610.0,57924.0,38.464482094224834,-10.9697933227345,4890316.95,1,1,-1.0714285714285714,-2.3214285714285716,-0.17857142857142858,-9.464285714285714
VHM,2023-09-26,47000.0,47800.0,45000.0,45000.0,4075692,False,51785.0,56390.0,26.614982016130778,-10.358565737051794,7486056.25,1,1,1.1111111111111112,-2.111111111111111,6.666666666666667,-0.8888888888888888
VHM,2023-10-27,40000.0,41500.0,38900.0,39200.0,18181723,False,44860.0,49226.0,27.327863639354817,-12.107623318385652,4313974.35,1,1,-1.913265306122449,3.316326530612245,7.908163265306123,-0.25510204081632654
VHM,2023-10-30,39000.0,40000.0,37750.0,39200.0,6761955,False,44532.5,48790.0,27.327863639354817,-12.694877505567925,4560979.0,1,1,1.913265306122449,4.591836734693878,5.48469387755102,1.530612244897959
VHM,2025-04-08,48700.0,49500.0,46800.0,47000.0,21438100,False,49340.0,43866.0,46.47190616483597,-11.32075471698113,14166025.0,1,1,13.829787234042554,22.340425531914892,22.340425531914892,32.340425531914896
VHM,2025-10-20,114000.0,115000.0,108000.0,108000.0,11634800,False,108620.0,103420.0,48.450911237982126,-12.903225806451612,7573870.0,1,1,6.481481481481481,-1.3888888888888888,-8.796296296296296,-12.037037037037036
VHM,2025-11-10,90200.0,92000.0,86900.0,86900.0,6349200,False,107350.0,105226.0,27.62944247298766,-12.751004016064261,7474815.0,1,1,7.3647871116225545,9.321058688147296,18.181818181818183,26.582278481012654
VHM,2025-12-12,101000.0,101000.0,94100.0,94100.0,6638700,False,102325.0,104804.0,36.33793777980576,-12.465116279069765,4737840.0,1,1,0.8501594048884166,7.863974495217853,16.896918172157278,42.40170031880977
VHM,2025-12-15,94800.0,96000.0,91100.0,92500.0,5413200,False,102200.0,104600.0,34.53972951339813,-10.6280193236715,4803700.0,1,1,2.5945945945945943,16.10810810810811,27.243243243243242,36.54054054054054
VHM,2026-01-12,139000.0,139000.0,130200.0,130200.0,9143600,False,116735.0,106672.0,58.315949701220326,-12.909698996655516,8130135.0,1,1,-7.834101382488479,-3.9938556067588324,-8.678955453149001,-27.035330261136714
VHM,2026-01-28,108100.0,109000.0,102900.0,104300.0,15508700,False,126340.0,112884.0,37.39360028829968,-14.857142857142858,9401220.0,1,1,-5.465004793863854,-12.464046021093,-1.2464046021093003,-10.354745925215724
VHM,2026-01-29,104500.0,107400.0,104100.0,107000.0,6368800,False,125815.0,113084.0,40.13275507673186,-10.00841042893188,9386210.0,1,1,-9.065420560747665,-8.785046728971963,1.8691588785046727,-11.214953271028037
VHM,2026-02-04,97500.0,98000.0,90800.0,91300.0,13582800,False,118080.0,113014.0,30.551570753946006,-13.86792452830189,9478820.0,1,1,4.052573932092004,12.814895947426066,17.196056955093102,5.038335158817087
VHM,2026-03-03,97100.0,99800.0,93500.0,93500.0,11710100,False,102760.0,112872.0,35.65796724398343,-13.10408921933085,7602685.0,1,1,1.6042780748663104,-3.9572192513368987,,
VHM,2026-03-04,91400.0,94900.0,87000.0,93500.0,12722700,False,102220.0,112892.0,35.65796724398343,-13.425925925925931,7463385.0,1,1,-5.454545454545454,2.5668449197860963,,
VIB,2021-07-14,18190.0,18660.0,17450.0,17450.0,4387400,False,19552.0,18902.4,33.77215834777644,-15.250121418164152,1976250.0,1,1,-6.017191977077363,-7.449856733524365,-9.283667621776505,-6.303724928366752
VIB,2021-08-23,15130.0,15210.0,14150.0,14150.0,4861200,False,16062.0,17669.2,23.94063132754539,-12.383900928792556,1695430.0,1,1,0.7773851590106008,1.2014134275618376,1.4840989399293287,7.773851590106007
VIB,2021-08-24,14030.0,14380.0,13650.0,14090.0,1408500,False,15986.5,17551.8,23.61351161526596,-11.550533584431887,1721140.0,1,1,0.42583392476933996,1.0645848119233499,2.0581973030518097,5.39389638041164
VIB,2022-05-13,14320.0,14800.0,13420.0,13420.0,1756000,False,16067.0,17085.8,28.061711034058266,-11.066931742876074,1039325.0,1,1,5.141579731743666,2.1609538002980626,6.110283159463488,2.9806259314456036
VIB,2022-05-16,13320.0,14320.0,12490.0,13550.0,3900600,False,15865.5,16996.8,29.497613792085154,-12.580645161290327,1206780.0,1,1,1.033210332103321,-2.878228782287823,6.494464944649446,-5.0922509225092245
VIB,2022-06-14,12840.0,12840.0,11990.0,11990.0,2198900,False,13768.0,15401.4,26.40684490298057,-14.722617354196299,1032160.0,1,1,-8.673894912427023,-20.350291909924938,-2.2518765638031693,7.506255212677231
VIB,2022-06-15,11940.0,11990.0,11190.0,11670.0,3654500,False,13646.0,15258.4,24.699054126134982,-15.557163531114327,1155630.0,1,1,-12.253641816623821,-12.510711225364183,1.7994858611825193,10.454155955441301
VIB,2022-06-20,10950.0,11460.0,10210.0,10240.0,3203200,False,13266.5,14801.6,19.384086773582712,-12.253641816623817,1414235.0,1,1,5.46875,7.2265625,25.87890625,27.44140625
VIB,2022-06-21,9760.0,10290.0,9550.0,9550.0,3064200,False,13067.5,14625.6,17.090588103213904,-18.930390492359926,1515745.0,1,1,14.45026178010471,22.722513089005236,33.82198952879581,34.973821989528794
VIB,2022-11-07,10210.0,10450.0,9760.0,9790.0,5979684,False,10450.0,11453.8,34.78131830663983,-10.837887067395268,2933882.25,1,1,-5.209397344228805,-5.720122574055159,0.20429009193054137,18.692543411644536
VIB,2025-04-08,15190.0,15230.0,14680.0,14680.0,10876576,False,16804.0,17141.6,16.39615925422876,-12.774806892453949,11105983.95,1,1,7.220708446866484,6.062670299727521,4.564032697547684,4.836512261580381
VIC,2022-02-09,43800.0,44350.0,42450.0,42850.0,8812500,False,48320.0,49576.0,25.226875194081842,-11.649484536082477,3475730.0,1,1,-4.550758459743291,-3.267211201866978,-3.7339556592765457,-8.98483080513419
VIC,2022-09-29,28850.0,29100.0,27150.0,27300.0,1703831,False,31240.0,32291.0,19.995815060401625,-11.935483870967744,1022338.15,1,1,4.395604395604396,10.073260073260073,10.622710622710622,0.7326007326007326
VIC,2022-12-12,33900.0,34000.0,31550.0,31550.0,2853579,False,32595.0,30061.0,48.529500968497125,-11.376404494382019,2946133.4,1,1,-3.9619651347068143,-10.45958795562599,-16.164817749603806,-13.629160063391444
VIC,2022-12-13,31950.0,32000.0,30050.0,30800.0,2864545,False,32710.0,30107.0,45.957422625713455,-11.874105865522179,3010046.75,1,1,-5.194805194805195,-9.253246753246753,-13.311688311688311,-10.55194805194805
VIC,2022-12-14,31250.0,31850.0,30150.0,30400.0,2900038,False,32720.0,30115.0,44.59975260540897,-10.32448377581121,3042322.0,1,1,-7.072368421052631,-9.703947368421053,-12.006578947368421,-9.539473684210527
VIC,2023-08-21,33000.0,33050.0,31650.0,32900.0,22413378,False,31480.0,28183.0,56.07978723511636,-12.962962962962965,12875594.9,1,1,-2.43161094224924,-1.6717325227963524,-6.382978723404255,-18.693009118541035
VIC,2023-08-22,33500.0,33550.0,31400.0,32250.0,13127398,False,31805.0,28287.0,53.476753191185956,-10.292072322670375,13341697.85,1,1,-1.550387596899225,-1.7054263565891472,-5.736434108527131,-19.069767441860467
VIC,2023-09-15,28000.0,28150.0,26600.0,26800.0,18970872,False,31137.5,29704.0,30.979409197520596,-11.111111111111116,19337035.65,1,1,-0.18656716417910446,-6.7164179104477615,-12.611940298507463,-13.992537313432834
VIC,2023-09-18,26800.0,26800.0,26200.0,26500.0,11472018,False,30665.0,29730.0,30.033574004650127,-10.472972972972972,18797884.0,1,1,-1.509433962264151,-12.264150943396226,-11.50943396226415,-15.09433962264151
VIC,2023-09-25,25050.0,25200.0,23250.0,23250.0,16856481,False,28852.5,29722.0,24.364899881144332,-13.08411214953271,17213138.15,1,1,-3.225806451612903,0.8602150537634409,-2.795698924731183,-6.666666666666667
VIC,2023-09-26,23000.0,23380.0,22280.0,22500.0,15129033,False,28390.0,29658.0,22.742122277993975,-13.793103448275868,17074146.15,1,1,4.0888888888888895,-1.1111111111111112,-0.2222222222222222,-3.4666666666666663
VIC,2025-04-22,31000.0,31350.0,29000.0,29500.0,12830725,False,30632.5,25691.8,49.9520897766095,-16.901408450704224,9877743.4,1,1,13.559322033898304,15.254237288135593,29.66101694915254,57.6271186440678
VIC,2025-04-23,30000.0,30150.0,29150.0,29300.0,18989386,False,30675.0,25878.2,49.30690337641618,-11.346444780635402,10429651.1,1,1,16.040955631399317,19.453924914675767,35.49488054607509,61.262798634812285
VIC,2025-10-31,101000.0,101850.0,95500.0,95500.0,7479327,False,100742.5,83179.0,49.51462300558965,-13.221263062244438,4570222.5,1,1,8.115183246073299,4.554973821989529,10.471204188481675,36.33507853403141
VIC,2026-01-28,151000.0,154500.0,140500.0,140500.0,10028300,False,163825.0,149392.0,37.10977217022292,-15.054413542926238,5955545.0,1,1,-6.975088967971531,-13.451957295373665,7.330960854092526,10.747330960854093
VIC,2026-01-29,138900.0,142000.0,138500.0,140500.0,6992500,False,162700.0,150002.0,37.10977217022292,-12.132582864290187,5900580.0,1,1,-6.975088967971531,-7.402135231316725,13.167259786476867,17.295373665480426
VIC,2026-02-04,129600.0,129800.0,121600.0,121600.0,11704000,False,154135.0,151295.0,27.067415928069323,-13.451957295373662,6222190.0,1,1,8.799342105263158,24.013157894736842,29.93421052631579,20.065789473684212
VIC,2026-03-10,154800.0,154800.0,141000.0,141800.0,4203800,False,151870.0,156550.0,42.088654653447904,-13.95631067961165,5332975.0,1,1,,,,
VJC,2025-04-08,86000.0,86000.0,80300.0,82600.0,634600,False,95205.0,96468.0,10.380227643652603,-13.052631578947372,629250.0,1,1,3.389830508474576,0.847457627118644,1.0895883777239708,8.353510895883778
VJC,2025-04-09,78900.0,82500.0,77100.0,79100.0,632500,False,94275.0,96074.0,8.421555702203683,-10.520361990950223,635305.0,1,1,8.091024020227561,7.964601769911504,8.34386852085967,14.285714285714285
VJC,2026-01-28,179000.0,180200.0,166600.0,171500.0,1969300,False,192240.0,196908.0,35.43734833492222,-11.415289256198346,1649370.0,1,1,-0.8746355685131195,-3.7900874635568513,-2.0408163265306123,-4.839650145772595
VNM,2026-03-03,66600.0,67300.0,63400.0,63400.0,17815700,False,69565.0,66640.0,36.79889826953045,-10.198300283286121,7965705.0,1,1,-1.5772870662460567,-2.050473186119874,,
VNM,2026-03-09,59000.0,59100.0,58100.0,58100.0,18046300,False,67895.0,66552.0,29.637447880103878,-10.477657935285068,8345215.0,1,1,,,,
VPB,2021-07-14,20720.0,20890.0,19610.0,20070.0,22403200,False,22158.5,22116.4,31.565245817757837,-10.601336302895326,20280685.0,1,1,-2.441454907822621,-1.9431988041853512,-8.470353761833582,-0.4982561036372696
VPB,2022-05-09,19800.0,19940.0,18680.0,18680.0,23931200,False,21489.5,21706.0,31.63839531264219,-11.174512601046127,21331815.0,1,1,-2.194860813704497,-8.779443254817988,-7.869379014989293,-3.800856531049251
VPB,2022-05-13,18330.0,18560.0,17040.0,17040.0,20466800,False,20614.5,21423.6,28.61574378187168,-12.88343558282209,19082900.0,1,1,6.690140845070422,5.457746478873239,7.21830985915493,6.514084507042253
VPB,2022-05-16,17620.0,17950.0,17040.0,17040.0,12267800,False,20306.5,21335.6,28.61574378187167,-13.149847094801226,18527505.0,1,1,4.988262910798122,0.9976525821596244,8.92018779342723,-0.8802816901408451
VPB,2022-11-14,14100.0,14230.0,13390.0,13830.0,16006329,False,14462.0,15472.0,37.56502795781091,-10.311284046692604,16118363.05,1,1,-1.2292118582791034,-1.2292118582791034,2.6030368763557483,6.073752711496746
VPB,2022-11-15,13350.0,13830.0,12910.0,12910.0,18168729,False,14405.0,15361.4,30.288410560733713,-10.097493036211702,16657784.9,1,1,5.809450038729667,5.809450038729667,10.224632068164214,16.731216111541443
VPB,2025-04-08,16550.0,16740.0,15820.0,15820.0,24712494,False,18618.0,18560.0,18.304044739533456,-15.128755364806867,22831154.05,1,1,7.395701643489254,3.982300884955752,2.1491782553729455,4.61441213653603
VPB,2025-04-09,14800.0,16059.999999999998,14750.0,15530.0,56116778,False,18435.5,18512.4,17.077513907710625,-10.64441887226697,23759521.9,1,1,8.435286542176433,5.280103026400527,4.70057952350291,8.757244043786221
VPB,2025-08-26,33050.0,34350.0,32750.0,34300.0,47968700,False,30520.0,24390.0,66.09100191672711,-11.254851228978001,53059165.0,1,1,2.0408163265306123,1.749271137026239,-5.97667638483965,-9.7667638483965
VPB,2025-10-20,31550.0,31800.0,29750.0,29750.0,52634700,False,31315.0,32019.0,42.19943484704562,-11.72106824925816,37590205.0,1,1,0.8403361344537815,-4.873949579831933,-7.226890756302522,-5.546218487394958
VRE,2021-07-12,28000.0,28700.0,26100.0,27000.0,6542100,False,31147.5,31038.0,29.368048002296625,-12.621359223300976,4469470.0,1,1,3.7037037037037033,-0.7407407407407408,-0.9259259259259258,5.9259259259259265
VRE,2022-01-17,34200.0,34700.0,32000.0,32000.0,10933900,False,32482.5,31102.0,48.50011575208676,-11.111111111111116,9904960.0,1,1,5.0,-3.125,10.9375,6.5625
VRE,2022-10-11,25300.0,25600.0,23650.0,23650.0,2576624,False,27390.0,28165.0,28.226277738070287,-10.754716981132074,1490252.7,1,1,6.553911205073996,9.090909090909092,-2.748414376321353,6.765327695560254
VRE,2022-10-24,24650.0,24650.0,22350.0,22350.0,1778436,False,25620.0,27421.0,30.751764278238248,-11.309523809523814,1441519.55,1,1,6.263982102908278,10.06711409395973,14.093959731543624,17.67337807606264
VRE,2023-02-24,26700.0,26900.0,26300.0,26500.0,2243640,False,28510.0,28089.0,37.570274379501164,-10.472972972972972,1573771.35,1,1,1.1320754716981132,-1.8867924528301887,5.660377358490567,10.377358490566039
VRE,2023-10-27,24600.0,24650.0,22900.0,22900.0,12958303,False,26487.5,27752.0,25.91733833949934,-13.909774436090228,3217496.95,1,1,-0.8733624454148471,6.550218340611353,4.585152838427948,-1.3100436681222707
VRE,2023-10-30,22600.0,24100.0,22100.0,23100.0,5404281,False,26300.0,27602.0,27.800870044301345,-12.665406427221171,3308706.65,1,1,0.6493506493506493,3.896103896103896,1.7316017316017316,-2.1645021645021645
VRE,2025-04-08,18000.0,18150.0,17500.0,17500.0,20763200,False,18945.0,17787.0,38.81355086183535,-13.151364764267992,15875145.0,1,1,10.857142857142858,16.0,17.71428571428571,42.857142857142854
VRE,2025-10-21,38050.0,39450.0,36550.0,38800.0,17634200,False,36060.0,32504.0,59.13595989772643,-10.599078341013824,15452545.0,1,1,0.0,-5.154639175257731,-13.65979381443299,-16.623711340206185
VRE,2025-11-03,33250.0,33800.0,31350.0,31350.0,16286200,False,38197.5,33630.0,35.544968136413424,-12.795549374130733,17811840.0,1,1,2.073365231259968,-4.944178628389154,2.7113237639553542,11.323763955342903
VRE,2025-12-10,31900.0,32000.0,30000.0,30000.0,13287200,False,33072.5,34958.0,34.33155114321431,-11.24260355029586,9023780.0,1,1,-3.6666666666666665,-1.0,15.5,16.666666666666664
VRE,2025-12-11,30100.0,30700.0,29500.0,29500.0,8031400,False,32950.0,34913.0,32.8021189833266,-10.47040971168437,9130325.0,1,1,0.3389830508474576,2.8813559322033897,9.322033898305085,10.508474576271185
VRE,2025-12-12,30000.0,30050.0,27450.0,27450.0,14302200,False,32717.5,34807.0,27.41046788009527,-14.218750000000002,9565000.0,1,1,8.19672131147541,15.482695810564662,16.57559198542805,22.22222222222222
VRE,2026-01-12,34500.0,35000.0,32549.999999999996,32600.0,25316700,False,32960.0,32756.0,46.705833020677716,-15.43450064850843,13064845.0,1,1,-3.52760736196319,-1.8404907975460123,-4.9079754601226995,-13.496932515337424
VRE,2026-01-28,30450.0,30800.0,28750.0,29100.0,14010100,False,33030.0,32647.0,37.19759403986408,-10.185185185185187,12369485.0,1,1,-3.436426116838488,-2.9209621993127146,1.0309278350515463,-3.7800687285223367
VRE,2026-03-03,27800.0,28000.0,26050.0,26350.0,9568800,False,28910.0,31186.0,34.28989944610521,-11.428571428571432,8201685.0,1,1,-0.3795066413662239,-8.72865275142315,,
VRE,2026-03-09,24450.0,25000.0,24450.0,24450.0,3092300,False,28325.0,30929.0,32.12217691555509,-12.678571428571427,7458585.0,1,1,,,,
VRE,2026-03-10,25000.0,25000.0,23500.0,24050.0,10408500,False,28107.5,30776.0,31.098233377823238,-10.925925925925927,7590915.0,1,1,,,,
