Date,Signal_Date,Type,Symbol,Shares,Price,Value
2021-08-30,2021-08-27,BUY,PC1,20500,16490.0,338045000.0
2021-08-30,2021-08-27,BUY,TNG,18900,17180.0,324702000.0
2021-08-30,2021-08-27,BUY,NKG,14500,23940.0,347130000.0
2021-09-06,2021-09-03,SELL,PC1,20500,16800.0,344400000.0
2021-09-06,2021-09-03,SELL,TNG,18900,17790.0,336231000.0
2021-09-06,2021-09-03,SELL,NKG,14500,26070.0,378015000.0
2021-09-06,2021-09-03,BUY,BCM,7600,45620.0,346712000.0
2021-09-06,2021-09-03,BUY,VGS,14600,25670.0,374782000.0
2021-09-06,2021-09-03,BUY,VDS,20200,17660.0,356732000.0
2021-09-13,2021-09-10,SELL,BCM,7600,45620.0,346712000.0
2021-09-13,2021-09-10,SELL,VGS,14600,23550.0,343830000.0
2021-09-13,2021-09-10,SELL,VDS,20200,17260.0,348652000.0
2021-09-13,2021-09-10,BUY,CEO,48100,6920.0,332852000.0
2021-09-13,2021-09-10,BUY,VGI,9900,34060.0,337194000.0
2021-09-13,2021-09-10,BUY,HSG,9900,33550.0,332145000.0
2021-09-20,2021-09-17,SELL,CEO,48100,7260.0,349206000.0
2021-09-20,2021-09-17,SELL,VGI,9900,35050.0,346995000.0
2021-09-20,2021-09-17,SELL,HSG,9900,34470.0,341253000.0
2021-09-20,2021-09-17,BUY,KHG,33100,10930.0,361783000.0
2021-09-20,2021-09-17,BUY,FRT,16600,20630.0,342458000.0
2021-09-20,2021-09-17,BUY,DGC,6500,57190.0,371735000.0
2021-09-27,2021-09-24,SELL,KHG,33100,9860.0,326366000.0
2021-09-27,2021-09-24,SELL,FRT,16600,20170.0,334822000.0
2021-09-27,2021-09-24,SELL,DGC,6500,57470.0,373555000.0
2021-09-27,2021-09-24,BUY,DPG,11900,29000.0,345100000.0
2021-09-27,2021-09-24,BUY,VIB,22500,14340.0,322650000.0
2021-09-27,2021-09-24,BUY,MWG,5400,60630.0,327402000.0
2021-10-04,2021-10-01,SELL,DPG,11900,32750.0,389725000.0
2021-10-04,2021-10-01,SELL,VIB,22500,13060.0,293850000.0
2021-10-04,2021-10-01,SELL,MWG,5400,60730.0,327942000.0
2021-10-04,2021-10-01,BUY,GAS,4800,69740.0,334752000.0
2021-10-04,2021-10-01,BUY,DCM,15400,21910.0,337414000.0
2021-10-04,2021-10-01,BUY,BFC,12800,26060.0,333568000.0
2021-10-11,2021-10-08,SELL,GAS,4800,75450.0,362160000.0
2021-10-11,2021-10-08,SELL,DCM,15400,22760.0,350504000.0
2021-10-11,2021-10-08,SELL,BFC,12800,25190.0,322432000.0
2021-10-11,2021-10-08,BUY,TNG,18400,18380.0,338192000.0
2021-10-11,2021-10-08,BUY,BSI,15300,23300.0,356490000.0
2021-10-11,2021-10-08,BUY,DPG,10000,35460.0,354600000.0
2021-10-18,2021-10-15,SELL,TNG,18400,18730.0,344632000.0
2021-10-18,2021-10-15,SELL,BSI,15300,23890.0,365517000.0
2021-10-18,2021-10-15,SELL,DPG,10000,38520.0,385200000.0
2021-10-18,2021-10-15,BUY,DPM,21100,16410.0,346251000.0
2021-10-18,2021-10-15,BUY,DCM,14100,23990.0,338259000.0
2021-10-18,2021-10-15,BUY,VGS,13000,28890.0,375570000.0
2021-10-25,2021-10-22,SELL,DPM,21100,17810.0,375791000.0
2021-10-25,2021-10-22,SELL,DCM,14100,24300.0,342630000.0
2021-10-25,2021-10-22,SELL,VGS,13000,28000.0,364000000.0
2021-10-25,2021-10-22,BUY,NLG,9100,41970.0,381927000.0
2021-10-25,2021-10-22,BUY,VSC,25000,15070.0,376750000.0
2021-10-25,2021-10-22,BUY,NTL,24700,15450.0,381615000.0
2021-11-01,2021-10-29,SELL,NLG,9100,45240.0,411684000.0
2021-11-01,2021-10-29,SELL,VSC,25000,15960.0,399000000.0
2021-11-01,2021-10-29,SELL,NTL,24700,15920.0,393224000.0
2021-11-01,2021-10-29,BUY,KHG,31100,12950.0,402745000.0
2021-11-01,2021-10-29,BUY,BCM,7800,49000.0,382200000.0
2021-11-01,2021-10-29,BUY,CII,22400,17770.0,398048000.0
2021-11-08,2021-11-05,SELL,KHG,31100,12090.0,375999000.0
2021-11-08,2021-11-05,SELL,BCM,7800,52670.0,410826000.0
2021-11-08,2021-11-05,SELL,CII,22400,19400.0,434560000.0
2021-11-08,2021-11-05,BUY,VFS,28200,14320.0,403824000.0
2021-11-08,2021-11-05,BUY,GEX,14700,28410.0,417627000.0
2021-11-08,2021-11-05,BUY,VIX,39100,10730.0,419543000.0
2021-11-15,2021-11-12,SELL,VFS,28200,15350.0,432870000.0
2021-11-15,2021-11-12,SELL,GEX,1600,35710.0,57136000.0
2021-11-15,2021-11-12,SELL,VIX,39100,11860.0,463726000.0
2021-11-15,2021-11-12,BUY,HAG,57600,8150.0,469440000.0
2021-11-15,2021-11-12,BUY,CEO,32500,14790.0,480675000.0
2021-11-22,2021-11-19,SELL,HAG,57600,7450.0,429120000.0
2021-11-22,2021-11-19,SELL,CEO,6200,19940.0,123628000.0
2021-11-22,2021-11-19,BUY,GEX,200,39130.0,7826000.0
2021-11-22,2021-11-19,BUY,VIX,43200,12290.0,530928000.0
2021-11-29,2021-11-26,SELL,GEX,13300,38030.0,505799000.0
2021-11-29,2021-11-26,SELL,CEO,26300,30520.0,802676000.0
2021-11-29,2021-11-26,SELL,VIX,43200,13770.0,594864000.0
2021-11-29,2021-11-26,BUY,VIB,34200,17150.0,586530000.0
2021-11-29,2021-11-26,BUY,OCB,40800,14390.0,587112000.0
2021-11-29,2021-11-26,BUY,DBC,22100,28320.0,625872000.0
2021-12-06,2021-12-03,SELL,VIB,34200,15950.0,545490000.0
2021-12-06,2021-12-03,SELL,OCB,40800,12690.0,517752000.0
2021-12-06,2021-12-03,SELL,DBC,22100,26330.0,581893000.0
2021-12-06,2021-12-03,BUY,HAG,68400,8630.0,590292000.0
2021-12-06,2021-12-03,BUY,FCN,29400,21830.0,641802000.0
2021-12-06,2021-12-03,BUY,DXG,24900,23450.0,583905000.0
2021-12-13,2021-12-10,SELL,HAG,6000,11250.0,67500000.0
2021-12-13,2021-12-10,SELL,FCN,29400,24640.0,724416000.0
2021-12-13,2021-12-10,SELL,DXG,24900,26480.0,659352000.0
2021-12-13,2021-12-10,BUY,BAF,51200,13730.0,702976000.0
2021-12-13,2021-12-10,BUY,POW,49000,13390.0,656110000.0
2021-12-20,2021-12-17,SELL,HAG,62400,12750.0,795600000.0
2021-12-20,2021-12-17,SELL,BAF,4400,16420.0,72248000.0
2021-12-20,2021-12-17,SELL,POW,49000,15080.0,738920000.0
2021-12-20,2021-12-17,BUY,CII,27600,29870.0,824412000.0
2021-12-20,2021-12-17,BUY,CEO,21400,37980.0,812772000.0
2021-12-27,2021-12-24,SELL,BAF,46800,17070.0,798876000.0
2021-12-27,2021-12-24,SELL,CII,27600,32360.0,893136000.0
2021-12-27,2021-12-24,SELL,CEO,800,43270.0,34616000.0
2021-12-27,2021-12-24,BUY,EIB,40000,21660.0,866400000.0
2021-12-27,2021-12-24,BUY,HAG,57100,14500.0,827950000.0
2022-01-04,2021-12-31,SELL,CEO,2300,52830.0,121509000.0
2022-01-04,2021-12-31,SELL,EIB,40000,22010.0,880400000.0
2022-01-04,2021-12-31,SELL,HAG,57100,13000.0,742300000.0
2022-01-04,2021-12-31,BUY,CII,24500,38490.0,943005000.0
2022-01-04,2021-12-31,BUY,CTD,11500,73720.0,847780000.0
2022-01-10,2022-01-07,SELL,CEO,18300,56500.0,1033950000.0
2022-01-10,2022-01-07,SELL,CII,1300,41820.0,54366000.0
2022-01-10,2022-01-07,SELL,CTD,11500,73930.0,850195000.0
2022-01-10,2022-01-07,BUY,BAF,50700,20830.0,1056081000.0
2022-01-10,2022-01-07,BUY,C4G,53300,19170.0,1021761000.0
2022-01-17,2022-01-14,SELL,CII,23200,32980.0,765136000.0
2022-01-17,2022-01-14,SELL,BAF,10200,22830.0,232866000.0
2022-01-17,2022-01-14,SELL,C4G,53300,17730.0,945009000.0
2022-01-17,2022-01-14,BUY,BID,29100,31660.0,921306000.0
2022-01-17,2022-01-14,BUY,STB,26700,32600.0,870420000.0
2022-01-24,2022-01-21,SELL,BAF,40500,20830.0,843615000.0
2022-01-24,2022-01-21,SELL,BID,1800,34020.0,61236000.0
2022-01-24,2022-01-21,SELL,STB,26700,33300.0,889110000.0
2022-01-24,2022-01-21,BUY,PVD,37400,24110.0,901714000.0
2022-01-24,2022-01-21,BUY,MBB,65400,14490.0,947646000.0
2022-02-07,2022-01-28,SELL,BID,27300,34380.0,938574000.0
2022-02-07,2022-01-28,SELL,PVD,37400,23110.0,864314000.0
2022-02-07,2022-01-28,SELL,MBB,65400,15260.0,998004000.0
2022-02-07,2022-01-28,BUY,LPB,74500,12110.0,902195000.0
2022-02-07,2022-01-28,BUY,EIB,37300,23340.0,870582000.0
2022-02-07,2022-01-28,BUY,PNJ,12800,73070.0,935296000.0
2022-02-21,2022-02-18,SELL,LPB,74500,11520.0,858240000.0
2022-02-21,2022-02-18,SELL,EIB,37300,22920.0,854916000.0
2022-02-21,2022-02-18,SELL,PNJ,12800,72530.0,928384000.0
2022-02-21,2022-02-18,BUY,CII,36900,25880.0,954972000.0
2022-02-21,2022-02-18,BUY,CTR,10200,87000.0,887400000.0
2022-02-21,2022-02-18,BUY,HAH,35500,24890.0,883595000.0
2022-02-28,2022-02-25,SELL,CII,36900,24990.0,922131000.0
2022-02-28,2022-02-25,SELL,CTR,10200,65069.99999999999,663713999.9999999
2022-02-28,2022-02-25,SELL,HAH,35500,25670.0,911285000.0
2022-02-28,2022-02-25,BUY,PVS,27400,30400.0,832960000.0
2022-02-28,2022-02-25,BUY,DXS,32000,24930.0,797760000.0
2022-02-28,2022-02-25,BUY,FRT,14000,56080.0,785120000.0
2022-03-07,2022-03-04,SELL,PVS,27400,33620.0,921188000.0
2022-03-07,2022-03-04,SELL,DXS,32000,24020.0,768640000.0
2022-03-07,2022-03-04,SELL,FRT,14000,59610.0,834540000.0
2022-03-07,2022-03-04,BUY,NKG,27300,31580.0,862134000.0
2022-03-07,2022-03-04,BUY,DCM,26800,33250.0,891100000.0
2022-03-07,2022-03-04,BUY,HSG,26700,32509.999999999996,868016999.9999999
2022-03-14,2022-03-11,SELL,NKG,27300,29260.0,798798000.0
2022-03-14,2022-03-11,SELL,DCM,26800,33370.0,894316000.0
2022-03-14,2022-03-11,SELL,HSG,26700,29110.0,777237000.0
2022-03-14,2022-03-11,BUY,BFC,28000,28230.0,790440000.0
2022-03-14,2022-03-11,BUY,PC1,33500,25960.0,869660000.0
2022-03-14,2022-03-11,BUY,DPG,18300,46130.0,844179000.0
2022-03-21,2022-03-18,SELL,BFC,28000,27500.0,770000000.0
2022-03-21,2022-03-18,SELL,PC1,33500,25390.0,850565000.0
2022-03-21,2022-03-18,SELL,DPG,18300,46480.0,850584000.0
2022-03-21,2022-03-18,BUY,KHG,50500,16290.0,822645000.0
2022-03-21,2022-03-18,BUY,VTP,13900,57200.0,795080000.0
2022-03-21,2022-03-18,BUY,FCN,30400,26730.0,812592000.0
2022-03-28,2022-03-25,SELL,KHG,50500,15400.0,777700000.0
2022-03-28,2022-03-25,SELL,VTP,13900,63740.0,885986000.0
2022-03-28,2022-03-25,SELL,FCN,30400,25730.0,782192000.0
2022-03-28,2022-03-25,BUY,DGC,9200,91650.0,843180000.0
2022-03-28,2022-03-25,BUY,BFC,24800,34310.0,850888000.0
2022-03-28,2022-03-25,BUY,DPM,27400,29950.0,820630000.0
2022-04-04,2022-04-01,SELL,DGC,9200,86230.0,793316000.0
2022-04-04,2022-04-01,SELL,BFC,24800,31270.0,775496000.0
2022-04-04,2022-04-01,SELL,DPM,27400,26020.0,712948000.0
2022-04-04,2022-04-01,BUY,FPT,13500,55480.0,748980000.0
2022-04-04,2022-04-01,BUY,MWG,10100,74590.0,753359000.0
2022-04-04,2022-04-01,BUY,VNM,11600,65470.0,759452000.0
2022-04-12,2022-04-08,SELL,FPT,13500,55730.0,752355000.0
2022-04-12,2022-04-08,SELL,MWG,10100,73480.0,742148000.0
2022-04-12,2022-04-08,SELL,VNM,11600,61170.0,709572000.0
2022-04-12,2022-04-08,BUY,VND,24300,26630.0,647109000.0
2022-04-12,2022-04-08,BUY,VFS,42600,15600.0,664560000.0
2022-04-12,2022-04-08,BUY,FOX,21000,32170.0,675570000.0
2022-04-18,2022-04-15,SELL,VND,24300,25980.0,631314000.0
2022-04-18,2022-04-15,SELL,VFS,42600,15170.0,646242000.0
2022-04-18,2022-04-15,SELL,FOX,21000,32130.000000000004,674730000.0000001
2022-04-18,2022-04-15,BUY,DGC,7200,95590.0,688248000.0
2022-04-18,2022-04-15,BUY,VHC,9000,78070.0,702630000.0
2022-04-18,2022-04-15,BUY,VGI,16900,41680.0,704392000.0
2022-04-25,2022-04-22,SELL,DGC,7200,86380.0,621936000.0
2022-04-25,2022-04-22,SELL,VHC,9000,65930.0,593370000.0
2022-04-25,2022-04-22,SELL,VGI,16900,30300.0,512070000.0
2022-04-25,2022-04-22,BUY,VSC,33200,17260.0,573032000.0
2022-04-25,2022-04-22,BUY,VCB,13300,45990.0,611667000.0
2022-04-25,2022-04-22,BUY,ANV,31300,18320.0,573416000.0
2022-05-04,2022-04-29,SELL,VSC,33200,20400.0,677280000.0
2022-05-04,2022-04-29,SELL,VCB,13300,44930.0,597569000.0
2022-05-04,2022-04-29,SELL,ANV,31300,21100.0,660430000.0
2022-05-04,2022-04-29,BUY,HAH,17100,37280.0,637488000.0
2022-05-04,2022-04-29,BUY,BCM,7400,79600.0,589040000.0
2022-05-04,2022-04-29,BUY,VHC,7800,76960.0,600288000.0
2022-05-09,2022-05-06,SELL,HAH,1000,35820.0,35820000.0
2022-05-09,2022-05-06,SELL,BCM,7400,70980.0,525252000.0
2022-05-09,2022-05-06,SELL,VHC,7800,72740.0,567372000.0
2022-05-09,2022-05-06,BUY,VSC,30100,19250.0,579425000.0
2022-05-09,2022-05-06,BUY,ANV,28700,20140.0,578018000.0
2022-05-16,2022-05-13,SELL,HAH,16100,29930.0,481873000.0
2022-05-16,2022-05-13,SELL,VSC,30100,16239.999999999998,488823999.99999994
2022-05-16,2022-05-13,SELL,ANV,28700,17200.0,493640000.0
2022-05-16,2022-05-13,BUY,DSC,68000,6770.0,460360000.0
2022-05-16,2022-05-13,BUY,BAF,23200,23440.0,543808000.0
2022-05-16,2022-05-13,BUY,VHM,7900,63930.0,505047000.0
2022-05-23,2022-05-20,SELL,DSC,68000,7620.0,518160000.0
2022-05-23,2022-05-20,SELL,BAF,23200,24420.0,566544000.0
2022-05-23,2022-05-20,SELL,VHM,7900,64810.0,511999000.0
2022-05-23,2022-05-20,BUY,VCI,34500,14230.0,490935000.0
2022-05-23,2022-05-20,BUY,SHS,43800,10890.0,476982000.0
2022-05-23,2022-05-20,BUY,CEO,19200,24820.0,476544000.0
2022-05-30,2022-05-27,SELL,VCI,34500,15820.0,545790000.0
2022-05-30,2022-05-27,SELL,SHS,43800,12180.0,533484000.0
2022-05-30,2022-05-27,SELL,CEO,19200,29910.0,574272000.0
2022-05-30,2022-05-27,BUY,ANV,26000,23460.0,609960000.0
2022-05-30,2022-05-27,BUY,VHC,7700,76220.0,586894000.0
2022-05-30,2022-05-27,BUY,PNJ,7000,82520.0,577640000.0
2022-06-06,2022-06-03,SELL,ANV,2200,25200.0,55440000.0
2022-06-06,2022-06-03,SELL,VHC,7700,80660.0,621082000.0
2022-06-06,2022-06-03,SELL,PNJ,7000,85610.0,599270000.0
2022-06-06,2022-06-03,BUY,GAS,7700,87110.0,670747000.0
2022-06-06,2022-06-03,BUY,DCM,20500,33370.0,684085000.0
2022-06-13,2022-06-10,SELL,ANV,23800,22750.0,541450000.0
2022-06-13,2022-06-10,SELL,GAS,7700,79130.0,609301000.0
2022-06-13,2022-06-10,SELL,DCM,20500,28310.0,580355000.0
2022-06-13,2022-06-10,BUY,MPC,27800,19400.0,539320000.0
2022-06-13,2022-06-10,BUY,VGC,14100,40540.0,571614000.0
2022-06-13,2022-06-10,BUY,PAN,23600,22870.0,539732000.0
2022-06-20,2022-06-17,SELL,MPC,27800,22170.0,616326000.0
2022-06-20,2022-06-17,SELL,VGC,14100,43060.0,607146000.0
2022-06-20,2022-06-17,SELL,PAN,23600,19730.0,465628000.0
2022-06-20,2022-06-17,BUY,ANV,20100,27470.0,552147000.0
2022-06-20,2022-06-17,BUY,GAS,6300,83630.0,526869000.0
2022-06-20,2022-06-17,BUY,PC1,21900,24220.0,530418000.0
2022-06-27,2022-06-24,SELL,ANV,20100,25600.0,514560000.0
2022-06-27,2022-06-24,SELL,GAS,6300,76720.0,483336000.0
2022-06-27,2022-06-24,SELL,PC1,21900,22190.0,485961000.0
2022-06-27,2022-06-24,BUY,HCM,53200,10320.0,549024000.0
2022-06-27,2022-06-24,BUY,DSC,70600,7620.0,537972000.0
2022-06-27,2022-06-24,BUY,HAG,63600,8640.0,549504000.0
2022-07-04,2022-07-01,SELL,HCM,53200,11220.0,596904000.0
2022-07-04,2022-07-01,SELL,DSC,11200,10890.0,121968000.0
2022-07-04,2022-07-01,SELL,HAG,63600,9520.0,605472000.0
2022-07-04,2022-07-01,BUY,DBC,36800,16760.0,616768000.0
2022-07-04,2022-07-01,BUY,BAF,23400,24250.0,567450000.0
2022-07-11,2022-07-08,SELL,DSC,59400,10150.0,602910000.0
2022-07-11,2022-07-08,SELL,DBC,1600,19680.0,31488000.0
2022-07-11,2022-07-08,SELL,BAF,23400,25840.0,604656000.0
2022-07-11,2022-07-08,BUY,VGI,22100,29310.0,647751000.0
2022-07-11,2022-07-08,BUY,HCM,54900,11000.0,603900000.0
2022-07-18,2022-07-15,SELL,DBC,35200,20720.0,729344000.0
2022-07-18,2022-07-15,SELL,VGI,22100,30300.0,669630000.0
2022-07-18,2022-07-15,SELL,HCM,54900,11950.0,656055000.0
2022-07-18,2022-07-15,BUY,DSC,55700,12970.0,722429000.0
2022-07-18,2022-07-15,BUY,HAG,62600,11700.0,732420000.0
2022-07-18,2022-07-15,BUY,VDS,68700,9670.0,664329000.0
2022-07-25,2022-07-22,SELL,DSC,55700,11340.0,631638000.0
2022-07-25,2022-07-22,SELL,HAG,62600,11400.0,713640000.0
2022-07-25,2022-07-22,SELL,VDS,68700,9460.0,649902000.0
2022-07-25,2022-07-22,BUY,VFS,45000,14830.0,667350000.0
2022-07-25,2022-07-22,BUY,VGC,13200,49490.0,653268000.0
2022-07-25,2022-07-22,BUY,VIB,48300,13660.0,659778000.0
2022-08-01,2022-07-29,SELL,VFS,45000,15600.0,702000000.0
2022-08-01,2022-07-29,SELL,VGC,13200,52790.0,696828000.0
2022-08-01,2022-07-29,SELL,VIB,48300,14140.0,682962000.0
2022-08-01,2022-07-29,BUY,BSI,32900,21430.0,705047000.0
2022-08-01,2022-07-29,BUY,DXG,35700,20420.0,728994000.0
2022-08-01,2022-07-29,BUY,HDG,20300,33180.0,673554000.0
2022-08-08,2022-08-05,SELL,BSI,32900,21610.0,710969000.0
2022-08-08,2022-08-05,SELL,DXG,35700,20810.0,742917000.0
2022-08-08,2022-08-05,SELL,HDG,20300,33820.0,686546000.0
2022-08-08,2022-08-05,BUY,CTS,59500,11830.0,703885000.0
2022-08-08,2022-08-05,BUY,HSG,45000,15890.0,715050000.0
2022-08-08,2022-08-05,BUY,NKG,43500,16900.0,735150000.0
2022-08-15,2022-08-12,SELL,CTS,59500,12000.0,714000000.0
2022-08-15,2022-08-12,SELL,HSG,45000,16510.0,742950000.0
2022-08-15,2022-08-12,SELL,NKG,43500,16940.0,736890000.0
2022-08-15,2022-08-12,BUY,FRT,12200,60610.0,739442000.0
2022-08-15,2022-08-12,BUY,VGC,12400,57210.0,709404000.0
2022-08-15,2022-08-12,BUY,PVD,38800,18780.0,728664000.0
2022-08-22,2022-08-19,SELL,FRT,12200,61090.0,745298000.0
2022-08-22,2022-08-19,SELL,VGC,12400,57990.0,719076000.0
2022-08-22,2022-08-19,SELL,PVD,38800,19900.0,772120000.0
2022-08-22,2022-08-19,BUY,DSC,42200,17600.0,742720000.0
2022-08-22,2022-08-19,BUY,HDC,23600,31210.0,736556000.0
2022-08-22,2022-08-19,BUY,CTS,56300,12370.0,696431000.0
2022-08-29,2022-08-26,SELL,DSC,42200,14500.0,611900000.0
2022-08-29,2022-08-26,SELL,HDC,23600,31730.0,748828000.0
2022-08-29,2022-08-26,SELL,CTS,56300,13360.0,752168000.0
2022-08-29,2022-08-26,BUY,MWG,10400,71690.0,745576000.0
2022-08-29,2022-08-26,BUY,BCM,8500,84340.0,716890000.0
2022-08-29,2022-08-26,BUY,VFS,39000,17920.0,698880000.0
2022-09-05,2022-09-02,SELL,MWG,10400,70230.0,730392000.0
2022-09-05,2022-09-02,SELL,BCM,8500,85760.0,728960000.0
2022-09-05,2022-09-02,SELL,VFS,39000,17320.0,675480000.0
2022-09-05,2022-09-02,BUY,DXS,48700,15460.0,752902000.0
2022-09-05,2022-09-02,BUY,DCM,23400,31350.0,733590000.0
2022-09-05,2022-09-02,BUY,PAN,29300,25280.0,740704000.0
2022-09-12,2022-09-09,SELL,DXS,48700,15610.0,760207000.0
2022-09-12,2022-09-09,SELL,DCM,23400,30820.0,721188000.0
2022-09-12,2022-09-09,SELL,PAN,29300,24170.0,708181000.0
2022-09-12,2022-09-09,BUY,VGS,42800,16920.0,724176000.0
2022-09-12,2022-09-09,BUY,DPG,23100,30090.0,695079000.0
2022-09-12,2022-09-09,BUY,NTL,61700,11360.0,700912000.0
2022-09-19,2022-09-16,SELL,VGS,42800,14170.0,606476000.0
2022-09-19,2022-09-16,SELL,DPG,23100,26800.0,619080000.0
2022-09-19,2022-09-16,SELL,NTL,61700,10780.0,665126000.0
2022-09-19,2022-09-16,BUY,VCG,36400,18100.0,658840000.0
2022-09-19,2022-09-16,BUY,DSC,40500,16079.999999999998,651239999.9999999
2022-09-19,2022-09-16,BUY,PVD,29600,20930.0,619528000.0
2022-09-26,2022-09-23,SELL,VCG,36400,18860.0,686504000.0
2022-09-26,2022-09-23,SELL,DSC,3900,17490.0,68211000.0
2022-09-26,2022-09-23,SELL,PVD,29600,20190.0,597624000.0
2022-09-26,2022-09-23,BUY,HHV,54500,12160.0,662720000.0
2022-09-26,2022-09-23,BUY,BSI,30400,20880.0,634752000.0
2022-10-03,2022-09-30,SELL,DSC,2600,18900.0,49140000.0
2022-10-03,2022-09-30,SELL,HHV,54500,9320.0,507940000.0
2022-10-03,2022-09-30,SELL,BSI,2200,20440.0,44968000.0
2022-10-03,2022-09-30,BUY,MBS,69700,8050.000000000001,561085000.0000001
2022-10-10,2022-10-07,SELL,DSC,6700,22620.0,151554000.0
2022-10-10,2022-10-07,SELL,BSI,28200,17450.0,492090000.0
2022-10-10,2022-10-07,SELL,MBS,69700,8160.0,568752000.0
2022-10-10,2022-10-07,BUY,EIB,24500,24160.0,591920000.0
2022-10-10,2022-10-07,BUY,VIC,19700,30100.0,592970000.0
2022-10-17,2022-10-14,SELL,DSC,27300,23690.0,646737000.0
2022-10-17,2022-10-14,SELL,EIB,24500,24030.0,588735000.0
2022-10-17,2022-10-14,SELL,VIC,19700,28000.0,551600000.0
2022-10-17,2022-10-14,BUY,FRT,11600,55090.0,639044000.0
2022-10-17,2022-10-14,BUY,DGC,9300,70360.0,654348000.0
2022-10-17,2022-10-14,BUY,HSG,48300,12910.0,623553000.0
2022-10-24,2022-10-21,SELL,FRT,11600,51430.0,596588000.0
2022-10-24,2022-10-21,SELL,DGC,9300,61810.0,574833000.0
2022-10-24,2022-10-21,SELL,HSG,48300,10710.0,517293000.0
2022-10-24,2022-10-21,BUY,VNM,8600,60980.0,524428000.0
2022-10-24,2022-10-21,BUY,DSC,21700,23410.0,507997000.0
2022-10-24,2022-10-21,BUY,BMP,13100,41460.0,543126000.0
2022-10-31,2022-10-28,SELL,VNM,8600,64690.0,556334000.0
2022-10-31,2022-10-28,SELL,DSC,21700,24480.0,531216000.0
2022-10-31,2022-10-28,SELL,BMP,13100,44580.0,583998000.0
2022-10-31,2022-10-28,BUY,LPB,93600,6330.0,592488000.0
2022-10-31,2022-10-28,BUY,MSN,6700,85500.0,572850000.0
2022-10-31,2022-10-28,BUY,MSB,72600,7950.0,577170000.0
2022-11-07,2022-11-04,SELL,LPB,93600,5740.0,537264000.0
2022-11-07,2022-11-04,SELL,MSN,6700,84500.0,566150000.0
2022-11-07,2022-11-04,SELL,MSB,4000,7820.0,31280000.0
2022-11-07,2022-11-04,BUY,HDC,30500,17290.0,527345000.0
2022-11-07,2022-11-04,BUY,HCM,56400,9370.0,528468000.0
2022-11-14,2022-11-11,SELL,MSB,68600,7240.0,496664000.0
2022-11-14,2022-11-11,SELL,HDC,30500,17720.0,540460000.0
2022-11-14,2022-11-11,SELL,HCM,56400,8039.999999999999,453455999.99999994
2022-11-14,2022-11-11,BUY,BID,20100,26040.0,523404000.0
2022-11-14,2022-11-11,BUY,VCB,12300,42230.0,519429000.0
2022-11-14,2022-11-11,BUY,GEE,29800,16280.000000000002,485144000.00000006
2022-11-21,2022-11-18,SELL,BID,20100,25750.0,517575000.0
2022-11-21,2022-11-18,SELL,VCB,12300,42170.0,518691000.0
2022-11-21,2022-11-18,SELL,GEE,29800,15630.0,465774000.0
2022-11-21,2022-11-18,BUY,HPG,44600,11330.0,505318000.0
2022-11-21,2022-11-18,BUY,VGS,79200,7080.0,560736000.0
2022-11-21,2022-11-18,BUY,VIC,15500,32000.0,496000000.0
2022-11-28,2022-11-25,SELL,HPG,44600,12390.0,552594000.0
2022-11-28,2022-11-25,SELL,VGS,79200,8029.999999999999,635975999.9999999
2022-11-28,2022-11-25,SELL,VIC,15500,32500.0,503750000.0
2022-11-28,2022-11-25,BUY,CEO,55000,10240.0,563200000.0
2022-11-28,2022-11-25,BUY,NLG,23400,23520.0,550368000.0
2022-11-28,2022-11-25,BUY,DXS,113100,4860.0,549666000.0
2022-12-05,2022-12-02,SELL,CEO,9000,16410.0,147690000.0
2022-12-05,2022-12-02,SELL,NLG,23400,26290.0,615186000.0
2022-12-05,2022-12-02,SELL,DXS,113100,6240.0,705744000.0
2022-12-05,2022-12-02,BUY,DXG,60500,11720.0,709060000.0
2022-12-05,2022-12-02,BUY,KDH,31400,23370.0,733818000.0
2022-12-12,2022-12-09,SELL,CEO,46000,14510.0,667460000.0
2022-12-12,2022-12-09,SELL,DXG,60500,10370.0,627385000.0
2022-12-12,2022-12-09,SELL,KDH,31400,21000.0,659400000.0
2022-12-12,2022-12-09,BUY,CTS,70900,9300.0,659370000.0
2022-12-12,2022-12-09,BUY,LPB,83200,8270.0,688064000.0
2022-12-12,2022-12-09,BUY,GEE,40000,17610.0,704400000.0
2022-12-19,2022-12-16,SELL,CTS,70900,10240.0,726016000.0
2022-12-19,2022-12-16,SELL,LPB,83200,8150.0,678080000.0
2022-12-19,2022-12-16,SELL,GEE,40000,17330.0,693200000.0
2022-12-19,2022-12-16,BUY,EIB,37700,18120.0,683124000.0
2022-12-19,2022-12-16,BUY,NTL,95200,6630.0,631176000.0
2022-12-19,2022-12-16,BUY,VGS,73000,9840.0,718320000.0
2022-12-26,2022-12-23,SELL,EIB,37700,17010.0,641277000.0
2022-12-26,2022-12-23,SELL,NTL,95200,5850.0,556920000.0
2022-12-26,2022-12-23,SELL,VGS,73000,7790.0,568670000.0
2022-12-26,2022-12-23,BUY,GEE,33800,16990.0,574262000.0
2022-12-26,2022-12-23,BUY,BAF,48300,12140.0,586362000.0
2022-12-26,2022-12-23,BUY,STB,26400,21900.0,578160000.0
2023-01-03,2022-12-30,SELL,GEE,3400,18350.0,62390000.0
2023-01-03,2022-12-30,SELL,BAF,48300,13660.0,659778000.0
2023-01-03,2022-12-30,SELL,STB,26400,23500.0,620400000.0
2023-01-03,2022-12-30,BUY,OCB,73100,8810.0,644011000.0
2023-01-03,2022-12-30,BUY,KBC,26500,24700.0,654550000.0
2023-01-09,2023-01-06,SELL,GEE,30400,18350.0,557840000.0
2023-01-09,2023-01-06,SELL,OCB,73100,8730.0,638163000.0
2023-01-09,2023-01-06,SELL,KBC,26500,25100.0,665150000.0
2023-01-09,2023-01-06,BUY,VFS,32200,18860.0,607292000.0
2023-01-09,2023-01-06,BUY,ANV,48900,12990.0,635211000.0
2023-01-09,2023-01-06,BUY,PC1,40200,15390.0,618678000.0
2023-01-16,2023-01-13,SELL,VFS,32200,19120.0,615664000.0
2023-01-16,2023-01-13,SELL,ANV,48900,13540.0,662106000.0
2023-01-16,2023-01-13,SELL,PC1,40200,16110.0,647622000.0
2023-01-16,2023-01-13,BUY,VCG,45300,14580.0,660474000.0
2023-01-16,2023-01-13,BUY,VIB,55300,11830.0,654199000.0
2023-01-16,2023-01-13,BUY,VCI,43200,15210.0,657072000.0
2023-01-27,2023-01-20,SELL,VCG,45300,15670.0,709851000.0
2023-01-27,2023-01-20,SELL,VIB,55300,12390.0,685167000.0
2023-01-27,2023-01-20,SELL,VCI,43200,15970.0,689904000.0
2023-01-27,2023-01-20,BUY,DPG,33000,20770.0,685410000.0
2023-01-27,2023-01-20,BUY,HHV,70300,10350.0,727605000.0
2023-01-27,2023-01-20,BUY,CEO,44600,14990.0,668554000.0
2023-01-30,2023-01-27,SELL,DPG,33000,20450.0,674850000.0
2023-01-30,2023-01-27,SELL,HHV,3500,10150.0,35525000.0
2023-01-30,2023-01-27,SELL,CEO,44600,15460.0,689516000.0
2023-01-30,2023-01-27,BUY,KBC,25600,26550.0,679680000.0
2023-01-30,2023-01-27,BUY,PNJ,7900,85860.0,678294000.0
2023-02-06,2023-02-03,SELL,HHV,66800,10040.0,670672000.0
2023-02-06,2023-02-03,SELL,KBC,25600,24300.0,622080000.0
2023-02-06,2023-02-03,SELL,PNJ,7900,78040.0,616516000.0
2023-02-06,2023-02-03,BUY,KHG,120300,5720.0,688116000.0
2023-02-06,2023-02-03,BUY,GMD,15100,43740.0,660474000.0
2023-02-06,2023-02-03,BUY,NVL,43000,15400.0,662200000.0
2023-02-13,2023-02-10,SELL,KHG,120300,5030.0,605109000.0
2023-02-13,2023-02-10,SELL,GMD,15100,40470.0,611097000.0
2023-02-13,2023-02-10,SELL,NVL,43000,12800.0,550400000.0
2023-02-13,2023-02-10,BUY,ANV,38200,14560.0,556192000.0
2023-02-13,2023-02-10,BUY,PC1,35300,16110.0,568683000.0
2023-02-13,2023-02-10,BUY,TNG,54300,11150.0,605445000.0
2023-02-20,2023-02-17,SELL,ANV,38200,15520.0,592864000.0
2023-02-20,2023-02-17,SELL,PC1,35300,18410.0,649873000.0
2023-02-20,2023-02-17,SELL,TNG,4400,12960.0,57024000.0
2023-02-20,2023-02-17,BUY,NKG,51700,12270.0,634359000.0
2023-02-20,2023-02-17,BUY,HHV,59100,10540.0,622914000.0
2023-02-27,2023-02-24,SELL,TNG,1800,11770.0,21186000.0
2023-02-27,2023-02-24,SELL,NKG,51700,11060.0,571802000.0
2023-02-27,2023-02-24,SELL,HHV,59100,9730.0,575043000.0
2023-02-27,2023-02-24,BUY,BAF,42500,14120.0,600100000.0
2023-02-27,2023-02-24,BUY,VSC,44800,13320.0,596736000.0
2023-03-06,2023-03-03,SELL,TNG,48100,11840.0,569504000.0
2023-03-06,2023-03-03,SELL,BAF,42500,14400.0,612000000.0
2023-03-06,2023-03-03,SELL,VSC,44800,13120.0,587776000.0
2023-03-06,2023-03-03,BUY,PVT,42800,14010.0,599628000.0
2023-03-06,2023-03-03,BUY,VJC,5800,96300.0,558540000.0
2023-03-06,2023-03-03,BUY,PVS,24900,23950.0,596355000.0
2023-03-13,2023-03-10,SELL,PVT,42800,14140.0,605192000.0
2023-03-13,2023-03-10,SELL,VJC,5800,100700.0,584060000.0
2023-03-13,2023-03-10,SELL,PVS,24900,23500.0,585150000.0
2023-03-13,2023-03-10,BUY,EIB,36900,15660.0,577854000.0
2023-03-13,2023-03-10,BUY,DXG,67600,8700.0,588120000.0
2023-03-13,2023-03-10,BUY,MSN,7000,84500.0,591500000.0
2023-03-20,2023-03-17,SELL,EIB,36900,14610.0,539109000.0
2023-03-20,2023-03-17,SELL,DXG,67600,8620.0,582712000.0
2023-03-20,2023-03-17,SELL,MSN,7000,81500.0,570500000.0
2023-03-20,2023-03-17,BUY,VJC,5400,105600.0,570240000.0
2023-03-20,2023-03-17,BUY,VPB,34100,17360.0,591976000.0
2023-03-20,2023-03-17,BUY,VCI,37200,15130.0,562836000.0
2023-03-27,2023-03-24,SELL,VJC,5400,106500.0,575100000.0
2023-03-27,2023-03-24,SELL,VPB,1600,18720.0,29952000.0
2023-03-27,2023-03-24,SELL,VCI,37200,17290.0,643188000.0
2023-03-27,2023-03-24,BUY,CTS,58100,10730.0,623413000.0
2023-03-27,2023-03-24,BUY,VHM,12300,48400.0,595320000.0
2023-04-03,2023-03-31,SELL,VPB,32500,18680.0,607100000.0
2023-04-03,2023-03-31,SELL,CTS,3200,11960.0,38272000.0
2023-04-03,2023-03-31,SELL,VHM,12300,52600.0,646980000.0
2023-04-03,2023-03-31,BUY,BSI,36800,18090.0,665712000.0
2023-04-03,2023-03-31,BUY,CTD,21100,31230.0,658953000.0
2023-04-10,2023-04-07,SELL,CTS,54900,12170.0,668133000.0
2023-04-10,2023-04-07,SELL,BSI,2200,20050.0,44110000.0
2023-04-10,2023-04-07,SELL,CTD,21100,32689.999999999996,689758999.9999999
2023-04-10,2023-04-07,BUY,ORS,75300,9390.0,707067000.0
2023-04-10,2023-04-07,BUY,NTL,90500,8060.000000000001,729430000.0000001
2023-04-17,2023-04-14,SELL,BSI,34600,20350.0,704110000.0
2023-04-17,2023-04-14,SELL,ORS,75300,8970.0,675441000.0
2023-04-17,2023-04-14,SELL,NTL,90500,7400.0,669700000.0
2023-04-17,2023-04-14,BUY,SHS,76500,8540.0,653310000.0
2023-04-17,2023-04-14,BUY,DSC,44500,14670.0,652815000.0
2023-04-17,2023-04-14,BUY,FMC,17900,36050.0,645295000.0
2023-04-24,2023-04-21,SELL,SHS,76500,8620.0,659430000.0
2023-04-24,2023-04-21,SELL,DSC,44500,14950.0,665275000.0
2023-04-24,2023-04-21,SELL,FMC,17900,37140.0,664806000.0
2023-04-24,2023-04-21,BUY,CTD,17800,40900.0,728020000.0
2023-04-24,2023-04-21,BUY,BMP,12600,54080.0,681408000.0
2023-04-24,2023-04-21,BUY,BSI,30500,22010.0,671305000.0
2023-05-04,2023-04-28,SELL,CTD,17800,39430.0,701854000.0
2023-05-04,2023-04-28,SELL,BMP,12600,60220.0,758772000.0
2023-05-04,2023-04-28,SELL,BSI,30500,22690.0,692045000.0
2023-05-04,2023-04-28,BUY,NTL,78300,9010.0,705483000.0
2023-05-04,2023-04-28,BUY,KHG,124400,5380.0,669272000.0
2023-05-04,2023-04-28,BUY,NLG,23200,30170.0,699944000.0
2023-05-08,2023-05-05,SELL,NTL,78300,8840.0,692172000.0
2023-05-08,2023-05-05,SELL,KHG,124400,5540.0,689176000.0
2023-05-08,2023-05-05,SELL,NLG,23200,30030.0,696696000.0
2023-05-08,2023-05-05,BUY,VIX,141800,4920.0,697656000.0
2023-05-08,2023-05-05,BUY,BFC,48800,13840.0,675392000.0
2023-05-08,2023-05-05,BUY,BAF,45400,15070.0,684178000.0
2023-05-15,2023-05-12,SELL,VIX,7700,5400.0,41580000.0
2023-05-15,2023-05-12,SELL,BFC,48800,13960.0,681248000.0
2023-05-15,2023-05-12,SELL,BAF,45400,15740.0,714596000.0
2023-05-15,2023-05-12,BUY,VGS,63400,11410.0,723394000.0
2023-05-15,2023-05-12,BUY,DXG,65800,10990.0,723142000.0
2023-05-22,2023-05-19,SELL,VIX,134100,5520.0,740232000.0
2023-05-22,2023-05-19,SELL,VGS,63400,12360.0,783624000.0
2023-05-22,2023-05-19,SELL,DXG,65800,11060.0,727748000.0
2023-05-22,2023-05-19,BUY,VTP,24600,30990.0,762354000.0
2023-05-22,2023-05-19,BUY,DBC,55500,13650.0,757575000.0
2023-05-22,2023-05-19,BUY,FCN,56900,13850.0,788065000.0
2023-05-29,2023-05-26,SELL,VTP,24600,32840.0,807864000.0
2023-05-29,2023-05-26,SELL,DBC,55500,14290.0,793095000.0
2023-05-29,2023-05-26,SELL,FCN,56900,13850.0,788065000.0
2023-05-29,2023-05-26,BUY,CII,58800,13620.0,800856000.0
2023-05-29,2023-05-26,BUY,HHV,70700,11200.0,791840000.0
2023-05-29,2023-05-26,BUY,DXS,139100,5800.0,806780000.0
2023-06-05,2023-06-02,SELL,CII,58800,13810.0,812028000.0
2023-06-05,2023-06-02,SELL,HHV,70700,11200.0,791840000.0
2023-06-05,2023-06-02,SELL,DXS,11400,6450.0,73530000.0
2023-06-05,2023-06-02,BUY,GEX,53600,16010.000000000002,858136000.0000001
2023-06-05,2023-06-02,BUY,VGC,22400,36500.0,817600000.0
2023-06-12,2023-06-09,SELL,DXS,127700,6540.0,835158000.0
2023-06-12,2023-06-09,SELL,GEX,53600,17940.0,961584000.0
2023-06-12,2023-06-09,SELL,VGC,22400,39990.0,895776000.0
2023-06-12,2023-06-09,BUY,BMP,12800,70070.0,896896000.0
2023-06-12,2023-06-09,BUY,PDR,62600,14810.0,927106000.0
2023-06-12,2023-06-09,BUY,DGC,15500,58230.0,902565000.0
2023-06-19,2023-06-16,SELL,BMP,12800,67580.0,865024000.0
2023-06-19,2023-06-16,SELL,PDR,62600,13510.0,845726000.0
2023-06-19,2023-06-16,SELL,DGC,15500,55260.0,856530000.0
2023-06-19,2023-06-16,BUY,VSC,59700,14740.0,879978000.0
2023-06-19,2023-06-16,BUY,FRT,17300,50240.0,869152000.0
2023-06-19,2023-06-16,BUY,VDS,79800,11010.0,878598000.0
2023-06-26,2023-06-23,SELL,VSC,59700,15910.0,949827000.0
2023-06-26,2023-06-23,SELL,FRT,17300,55200.0,954960000.0
2023-06-26,2023-06-23,SELL,VDS,79800,11090.0,884982000.0
2023-06-26,2023-06-23,BUY,CTS,58200,15730.0,915486000.0
2023-06-26,2023-06-23,BUY,NTL,90800,9730.0,883484000.0
2023-06-26,2023-06-23,BUY,DXG,72000,12270.0,883440000.0
2023-07-03,2023-06-30,SELL,CTS,58200,15210.0,885222000.0
2023-07-03,2023-06-30,SELL,NTL,90800,9280.0,842624000.0
2023-07-03,2023-06-30,SELL,DXG,72000,11570.0,833040000.0
2023-07-03,2023-06-30,BUY,DSC,39500,21440.0,846880000.0
2023-07-03,2023-06-30,BUY,PVT,54100,15620.0,845042000.0
2023-07-03,2023-06-30,BUY,BFC,54200,16090.0,872078000.0
2023-07-10,2023-07-07,SELL,DSC,39500,19900.0,786050000.0
2023-07-10,2023-07-07,SELL,PVT,54100,15790.0,854239000.0
2023-07-10,2023-07-07,SELL,BFC,54200,16740.0,907308000.0
2023-07-10,2023-07-07,BUY,DBC,45200,18180.0,821736000.0
2023-07-10,2023-07-07,BUY,VHC,14700,57510.0,845397000.0
2023-07-10,2023-07-07,BUY,VDS,67700,12150.0,822555000.0
2023-07-17,2023-07-14,SELL,DBC,45200,18930.0,855636000.0
2023-07-17,2023-07-14,SELL,VHC,14700,58650.0,862155000.0
2023-07-17,2023-07-14,SELL,VDS,67700,12560.0,850312000.0
2023-07-17,2023-07-14,BUY,HDC,36000,24840.0,894240000.0
2023-07-17,2023-07-14,BUY,NLG,26400,32630.000000000004,861432000.0000001
2023-07-17,2023-07-14,BUY,DPG,36600,23780.0,870348000.0
2023-07-24,2023-07-21,SELL,HDC,2800,28240.0,79072000.0
2023-07-24,2023-07-21,SELL,NLG,26400,33570.0,886248000.0
2023-07-24,2023-07-21,SELL,DPG,36600,24510.0,897066000.0
2023-07-24,2023-07-21,BUY,PDR,53700,17860.0,959082000.0
2023-07-24,2023-07-21,BUY,VIX,103800,9170.0,951846000.0
2023-07-31,2023-07-28,SELL,HDC,33200,26790.0,889428000.0
2023-07-31,2023-07-28,SELL,PDR,53700,18150.0,974655000.0
2023-07-31,2023-07-28,SELL,VIX,103800,10100.0,1048380000.0
2023-07-31,2023-07-28,BUY,NVL,52000,18850.0,980200000.0
2023-07-31,2023-07-28,BUY,VFS,46400,20570.0,954448000.0
2023-07-31,2023-07-28,BUY,DXG,64900,14750.0,957275000.0
2023-08-07,2023-08-04,SELL,NVL,52000,20200.0,1050400000.0
2023-08-07,2023-08-04,SELL,VFS,46400,21000.0,974400000.0
2023-08-07,2023-08-04,SELL,DXG,64900,14870.0,965063000.0
2023-08-07,2023-08-04,BUY,VIC,31400,31950.0,1003230000.0
2023-08-07,2023-08-04,BUY,EIB,52700,18660.0,983382000.0
2023-08-07,2023-08-04,BUY,ACB,57100,16670.0,951857000.0
2023-08-14,2023-08-11,SELL,VIC,3300,36650.0,120945000.0
2023-08-14,2023-08-11,SELL,EIB,52700,19480.0,1026596000.0
2023-08-14,2023-08-11,SELL,ACB,57100,16180.0,923878000.0
2023-08-14,2023-08-11,BUY,VRE,33200,30300.0,1005960000.0
2023-08-14,2023-08-11,BUY,STB,32000,31900.0,1020800000.0
2023-08-21,2023-08-18,SELL,VIC,28100,32900.0,924490000.0
2023-08-21,2023-08-18,SELL,VRE,33200,29500.0,979400000.0
2023-08-21,2023-08-18,SELL,STB,32000,31800.0,1017600000.0
2023-08-21,2023-08-18,BUY,CEO,45300,23220.0,1051866000.0
2023-08-21,2023-08-18,BUY,VFS,42900,22460.0,963534000.0
2023-08-21,2023-08-18,BUY,VIX,90600,10550.0,955830000.0
2023-08-28,2023-08-25,SELL,CEO,45300,23770.0,1076781000.0
2023-08-28,2023-08-25,SELL,VFS,42900,22630.0,970827000.0
2023-08-28,2023-08-25,SELL,VIX,90600,12060.0,1092636000.0
2023-08-28,2023-08-25,BUY,CTR,13900,74930.0,1041527000.0
2023-08-28,2023-08-25,BUY,SSI,46200,22500.0,1039500000.0
2023-08-28,2023-08-25,BUY,DGC,14300,75660.0,1081938000.0
2023-09-05,2023-09-01,SELL,CTR,13900,78020.0,1084478000.0
2023-09-05,2023-09-01,SELL,SSI,46200,23130.0,1068606000.0
2023-09-05,2023-09-01,SELL,DGC,14300,82160.0,1174888000.0
2023-09-05,2023-09-01,BUY,ORS,74700,14830.0,1107801000.0
2023-09-05,2023-09-01,BUY,GMD,22300,49500.0,1103850000.0
2023-09-05,2023-09-01,BUY,BSI,36900,30080.0,1109952000.0
2023-09-11,2023-09-08,SELL,ORS,74700,14560.0,1087632000.0
2023-09-11,2023-09-08,SELL,GMD,22300,49190.0,1096937000.0
2023-09-11,2023-09-08,SELL,BSI,36900,31900.0,1177110000.0
2023-09-11,2023-09-08,BUY,PC1,56400,19690.0,1110516000.0
2023-09-11,2023-09-08,BUY,NKG,66500,16360.0,1087940000.0
2023-09-11,2023-09-08,BUY,VGS,68800,15760.0,1084288000.0
2023-09-18,2023-09-15,SELL,PC1,56400,19860.0,1120104000.0
2023-09-18,2023-09-15,SELL,NKG,66500,16790.0,1116535000.0
2023-09-18,2023-09-15,SELL,VGS,68800,17840.0,1227392000.0
2023-09-18,2023-09-15,BUY,HHV,79800,14850.0,1185030000.0
2023-09-18,2023-09-15,BUY,PVT,66200,17680.0,1170416000.0
2023-09-18,2023-09-15,BUY,MBS,85400,13780.0,1176812000.0
2023-09-25,2023-09-22,SELL,HHV,79800,12860.0,1026228000.0
2023-09-25,2023-09-22,SELL,PVT,66200,17950.0,1188290000.0
2023-09-25,2023-09-22,SELL,MBS,85400,11550.0,986370000.0
2023-09-25,2023-09-22,BUY,ANV,61100,17620.0,1076582000.0
2023-09-25,2023-09-22,BUY,VGS,57500,18100.0,1040750000.0
2023-09-25,2023-09-22,BUY,VHC,18100,59260.0,1072606000.0
2023-10-02,2023-09-29,SELL,ANV,61100,17730.0,1083303000.0
2023-10-02,2023-09-29,SELL,VGS,57500,17060.0,980950000.0
2023-10-02,2023-09-29,SELL,VHC,18100,61540.0,1113874000.0
2023-10-02,2023-09-29,BUY,NTL,93200,10990.0,1024268000.0
2023-10-02,2023-09-29,BUY,BSI,30400,32810.0,997424000.0
2023-10-02,2023-09-29,BUY,MBS,77000,12900.0,993300000.0
2023-10-09,2023-10-06,SELL,NTL,93200,10660.0,993512000.0
2023-10-09,2023-10-06,SELL,BSI,30400,33880.0,1029952000.0
2023-10-09,2023-10-06,SELL,MBS,77000,13130.0,1011010000.0
2023-10-09,2023-10-06,BUY,DCM,33000,33250.0,1097250000.0
2023-10-09,2023-10-06,BUY,FRT,13300,76800.0,1021440000.0
2023-10-09,2023-10-06,BUY,FMC,22700,46500.0,1055550000.0
2023-10-16,2023-10-13,SELL,DCM,33000,33210.0,1095930000.0
2023-10-16,2023-10-13,SELL,FRT,13300,77600.0,1032080000.0
2023-10-16,2023-10-13,SELL,FMC,22700,45580.0,1034666000.0
2023-10-16,2023-10-13,BUY,VGI,37200,29310.0,1090332000.0
2023-10-16,2023-10-13,BUY,VGS,59700,17580.0,1049526000.0
2023-10-16,2023-10-13,BUY,PVD,38400,28070.0,1077888000.0
2023-10-23,2023-10-20,SELL,VGI,37200,27720.0,1031184000.0
2023-10-23,2023-10-20,SELL,VGS,59700,15500.0,925350000.0
2023-10-23,2023-10-20,SELL,PVD,38400,27280.0,1047552000.0
2023-10-23,2023-10-20,BUY,HDB,92500,10800.0,999000000.0
2023-10-23,2023-10-20,BUY,FOX,33800,29780.0,1006564000.0
2023-10-23,2023-10-20,BUY,VJC,9600,103500.0,993600000.0
2023-10-30,2023-10-27,SELL,HDB,92500,10620.0,982350000.0
2023-10-30,2023-10-27,SELL,FOX,33800,28120.0,950456000.0
2023-10-30,2023-10-27,SELL,VJC,9600,98000.0,940800000.0
2023-10-30,2023-10-27,BUY,CTD,18800,48310.0,908228000.0
2023-10-30,2023-10-27,BUY,HAG,109600,8330.0,912968000.0
2023-10-30,2023-10-27,BUY,DXG,71000,12930.0,918030000.0
2023-11-06,2023-11-03,SELL,CTD,18800,54430.0,1023284000.0
2023-11-06,2023-11-03,SELL,HAG,109600,8300.0,909680000.0
2023-11-06,2023-11-03,SELL,DXG,71000,14170.0,1006070000.0
2023-11-06,2023-11-03,BUY,GEE,45500,23150.0,1053325000.0
2023-11-06,2023-11-03,BUY,OCB,98800,9990.0,987012000.0
2023-11-06,2023-11-03,BUY,MSN,15700,64000.0,1004800000.0
2023-11-13,2023-11-10,SELL,GEE,45500,21680.0,986440000.0
2023-11-13,2023-11-10,SELL,OCB,98800,10060.0,993928000.0
2023-11-13,2023-11-10,SELL,MSN,15700,62000.0,973400000.0
2023-11-13,2023-11-10,BUY,VIX,97800,10260.0,1003428000.0
2023-11-13,2023-11-10,BUY,VGS,54500,18880.0,1028960000.0
2023-11-13,2023-11-10,BUY,GEX,49200,20240.0,995808000.0
2023-11-20,2023-11-17,SELL,VIX,97800,10870.0,1063086000.0
2023-11-20,2023-11-17,SELL,VGS,54500,19050.0,1038225000.0
2023-11-20,2023-11-17,SELL,GEX,49200,20150.0,991380000.0
2023-11-20,2023-11-17,BUY,DBC,54700,17920.0,980224000.0
2023-11-20,2023-11-17,BUY,PDR,41700,23840.0,994128000.0
2023-11-20,2023-11-17,BUY,BFC,51700,19820.0,1024694000.0
2023-11-27,2023-11-24,SELL,DBC,54700,17360.0,949592000.0
2023-11-27,2023-11-24,SELL,PDR,41700,22250.0,927825000.0
2023-11-27,2023-11-24,SELL,BFC,1800,20470.0,36846000.0
2023-11-27,2023-11-24,BUY,HAG,96500,10600.0,1022900000.0
2023-11-27,2023-11-24,BUY,NVL,57000,17350.0,988950000.0
2023-12-04,2023-12-01,SELL,BFC,49900,21040.0,1049896000.0
2023-12-04,2023-12-01,SELL,HAG,8200,12200.0,100040000.0
2023-12-04,2023-12-01,SELL,NVL,57000,18150.0,1034550000.0
2023-12-04,2023-12-01,BUY,HAH,43500,24660.0,1072710000.0
2023-12-04,2023-12-01,BUY,NTL,93800,11760.0,1103088000.0
2023-12-11,2023-12-08,SELL,HAG,88300,13000.0,1147900000.0
2023-12-11,2023-12-08,SELL,HAH,43500,23830.0,1036605000.0
2023-12-11,2023-12-08,SELL,NTL,93800,12020.0,1127476000.0
2023-12-11,2023-12-08,BUY,DXS,134600,7650.0,1029690000.0
2023-12-11,2023-12-08,BUY,BCM,16700,63030.0,1052601000.0
2023-12-11,2023-12-08,BUY,VHC,18500,57590.0,1065415000.0
2023-12-18,2023-12-15,SELL,DXS,134600,7470.0,1005462000.0
2023-12-18,2023-12-15,SELL,BCM,16700,58770.0,981459000.0
2023-12-18,2023-12-15,SELL,VHC,18500,53260.0,985310000.0
2023-12-18,2023-12-15,BUY,DSC,65500,15700.0,1028350000.0
2023-12-18,2023-12-15,BUY,HAG,80400,13300.0,1069320000.0
2023-12-18,2023-12-15,BUY,TNG,69800,15260.0,1065148000.0
2023-12-25,2023-12-22,SELL,DSC,65500,15700.0,1028350000.0
2023-12-25,2023-12-22,SELL,HAG,80400,13750.0,1105500000.0
2023-12-25,2023-12-22,SELL,TNG,69800,15340.0,1070732000.0
2023-12-25,2023-12-22,BUY,BMP,12300,88120.0,1083876000.0
2023-12-25,2023-12-22,BUY,VFS,61200,16720.0,1023264000.0
2023-12-25,2023-12-22,BUY,PNJ,12900,80190.0,1034451000.0
2024-01-02,2023-12-29,SELL,BMP,12300,91130.0,1120899000.0
2024-01-02,2023-12-29,SELL,VFS,61200,16630.0,1017756000.0
2024-01-02,2023-12-29,SELL,PNJ,12900,81620.0,1052898000.0
2024-01-02,2023-12-29,BUY,VTP,18900,56560.0,1068984000.0
2024-01-02,2023-12-29,BUY,VHM,24200,43000.0,1040600000.0
2024-01-02,2023-12-29,BUY,HDB,83600,12280.0,1026608000.0
2024-01-08,2024-01-05,SELL,VTP,18900,56080.0,1059912000.0
2024-01-08,2024-01-05,SELL,VHM,24200,43350.0,1049070000.0
2024-01-08,2024-01-05,SELL,HDB,83600,12680.0,1060048000.0
2024-01-08,2024-01-05,BUY,MBB,81500,13220.0,1077430000.0
2024-01-08,2024-01-05,BUY,VSC,68900,15500.0,1067950000.0
2024-01-08,2024-01-05,BUY,OCB,102300,10680.0,1092564000.0
2024-01-15,2024-01-12,SELL,MBB,81500,13700.0,1116550000.0
2024-01-15,2024-01-12,SELL,VSC,68900,13920.0,959088000.0
2024-01-15,2024-01-12,SELL,OCB,102300,11200.0,1145760000.0
2024-01-15,2024-01-12,BUY,CTG,49000,21540.0,1055460000.0
2024-01-15,2024-01-12,BUY,SHB,118700,8810.0,1045747000.0
2024-01-15,2024-01-12,BUY,CII,73800,14120.0,1042056000.0
2024-01-22,2024-01-19,SELL,CTG,49000,22390.0,1097110000.0
2024-01-22,2024-01-19,SELL,SHB,118700,8810.0,1045747000.0
2024-01-22,2024-01-19,SELL,CII,73800,14670.0,1082646000.0
2024-01-22,2024-01-19,BUY,MWG,24000,45140.0,1083360000.0
2024-01-22,2024-01-19,BUY,BID,26600,40700.0,1082620000.0
2024-01-22,2024-01-19,BUY,BSI,25600,43220.0,1106432000.0
2024-01-29,2024-01-26,SELL,MWG,24000,43620.0,1046880000.0
2024-01-29,2024-01-26,SELL,BID,26600,39800.0,1058680000.0
2024-01-29,2024-01-26,SELL,BSI,25600,43220.0,1106432000.0
2024-01-29,2024-01-26,BUY,HCM,54800,19240.0,1054352000.0
2024-01-29,2024-01-26,BUY,VTP,16900,63060.0,1065714000.0
2024-01-29,2024-01-26,BUY,PC1,49800,21780.0,1084644000.0
2024-02-05,2024-02-02,SELL,HCM,54800,19600.0,1074080000.0
2024-02-05,2024-02-02,SELL,VTP,16900,65200.0,1101880000.0
2024-02-05,2024-02-02,SELL,PC1,49800,22160.0,1103568000.0
2024-02-05,2024-02-02,BUY,GVR,45400,24470.0,1110938000.0
2024-02-05,2024-02-02,BUY,VSC,68600,15950.0,1094170000.0
2024-02-05,2024-02-02,BUY,FRT,11400,95600.0,1089840000.0
2024-02-15,2024-02-09,SELL,GVR,45400,24370.0,1106398000.0
2024-02-15,2024-02-09,SELL,VSC,68600,15810.0,1084566000.0
2024-02-15,2024-02-09,SELL,FRT,11400,100320.0,1143648000.0
2024-02-15,2024-02-09,BUY,CTG,45900,24010.0,1102059000.0
2024-02-15,2024-02-09,BUY,TCB,63400,18140.0,1150076000.0
2024-02-15,2024-02-09,BUY,MBB,74500,15420.0,1148790000.0
2024-02-19,2024-02-16,SELL,CTG,45900,24280.0,1114452000.0
2024-02-19,2024-02-16,SELL,TCB,63400,18380.0,1165292000.0
2024-02-19,2024-02-16,SELL,MBB,74500,15300.0,1139850000.0
2024-02-19,2024-02-16,BUY,MSB,113900,10000.0,1139000000.0
2024-02-19,2024-02-16,BUY,GVR,42600,26180.0,1115268000.0
2024-02-19,2024-02-16,BUY,OCB,96500,11530.0,1112645000.0
2024-02-26,2024-02-23,SELL,MSB,113900,9970.0,1135583000.0
2024-02-26,2024-02-23,SELL,GVR,42600,28130.0,1198338000.0
2024-02-26,2024-02-23,SELL,OCB,96500,11050.0,1066325000.0
2024-02-26,2024-02-23,BUY,VRE,43400,26000.0,1128400000.0
2024-02-26,2024-02-23,BUY,BID,26000,43810.0,1139060000.0
2024-02-26,2024-02-23,BUY,BMP,11400,99490.0,1134186000.0
2024-03-04,2024-03-01,SELL,VRE,43400,27000.0,1171800000.0
2024-03-04,2024-03-01,SELL,BID,26000,43730.0,1136980000.0
2024-03-04,2024-03-01,SELL,BMP,11400,95310.0,1086534000.0
2024-03-04,2024-03-01,BUY,GMD,17300,64540.00000000001,1116542000.0000002
2024-03-04,2024-03-01,BUY,VDS,66100,16800.0,1110480000.0
2024-03-04,2024-03-01,BUY,VGI,33200,35050.0,1163660000.0
2024-03-11,2024-03-08,SELL,GMD,17300,62290.0,1077617000.0
2024-03-11,2024-03-08,SELL,VDS,66100,16430.0,1086023000.0
2024-03-11,2024-03-08,SELL,VGI,33200,38120.0,1265584000.0
2024-03-11,2024-03-08,BUY,MSN,14300,77500.0,1108250000.0
2024-03-11,2024-03-08,BUY,DSC,58100,18930.0,1099833000.0
2024-03-11,2024-03-08,BUY,BCM,16700,64970.0,1084999000.0
2024-03-18,2024-03-15,SELL,MSN,14300,77900.0,1113970000.0
2024-03-18,2024-03-15,SELL,DSC,58100,20230.0,1175363000.0
2024-03-18,2024-03-15,SELL,BCM,16700,62550.0,1044585000.0
2024-03-18,2024-03-15,BUY,CTR,10300,110590.0,1139077000.0
2024-03-18,2024-03-15,BUY,GVR,34500,31800.0,1097100000.0
2024-03-18,2024-03-15,BUY,VTP,12700,91200.0,1158240000.0
2024-03-25,2024-03-22,SELL,CTR,10300,124250.0,1279775000.0
2024-03-25,2024-03-22,SELL,GVR,34500,31160.0,1075020000.0
2024-03-25,2024-03-22,SELL,VTP,12700,80820.0,1026414000.0
2024-03-25,2024-03-22,BUY,PDR,44600,26310.0,1173426000.0
2024-03-25,2024-03-22,BUY,TCB,55400,21160.0,1172264000.0
2024-03-25,2024-03-22,BUY,DXG,72200,16149.999999999998,1166029999.9999998
2024-04-01,2024-03-29,SELL,PDR,44600,27480.0,1225608000.0
2024-04-01,2024-03-29,SELL,TCB,3000,22410.0,67230000.0
2024-04-01,2024-03-29,SELL,DXG,72200,16560.0,1195632000.0
2024-04-01,2024-03-29,BUY,VGI,26900,44550.0,1198395000.0
2024-04-01,2024-03-29,BUY,CTR,8900,128550.0,1144095000.0
2024-04-08,2024-04-05,SELL,TCB,52400,21490.0,1126076000.0
2024-04-08,2024-04-05,SELL,VGI,3800,48020.0,182476000.0
2024-04-08,2024-04-05,SELL,CTR,8900,121390.0,1080371000.0
2024-04-08,2024-04-05,BUY,PVS,32400,38520.0,1248048000.0
2024-04-08,2024-04-05,BUY,DXS,161800,7800.0,1262040000.0
2024-04-15,2024-04-12,SELL,VGI,23100,49110.0,1134441000.0
2024-04-15,2024-04-12,SELL,PVS,32400,35680.0,1156032000.0
2024-04-15,2024-04-12,SELL,DXS,161800,7180.0,1161724000.0
2024-04-15,2024-04-12,BUY,LPB,78800,14910.0,1174908000.0
2024-04-15,2024-04-12,BUY,CTS,43400,26360.0,1144024000.0
2024-04-15,2024-04-12,BUY,CTG,49900,22940.0,1144706000.0
2024-04-22,2024-04-19,SELL,LPB,9400,16190.000000000002,152186000.00000003
2024-04-22,2024-04-19,SELL,CTS,43400,25310.0,1098454000.0
2024-04-22,2024-04-19,SELL,CTG,49900,22150.0,1105285000.0
2024-04-22,2024-04-19,BUY,SHB,137600,8160.0,1122816000.0
2024-04-22,2024-04-19,BUY,GMD,17300,64050.0,1108065000.0
2024-05-02,2024-04-26,SELL,LPB,69400,16350.000000000002,1134690000.0000002
2024-05-02,2024-04-26,SELL,SHB,137600,8480.0,1166848000.0
2024-05-02,2024-04-26,SELL,GMD,17300,67590.0,1169307000.0
2024-05-02,2024-04-26,BUY,VGI,17500,68120.0,1192100000.0
2024-05-02,2024-04-26,BUY,FRT,9100,131200.0,1193920000.0
2024-05-02,2024-04-26,BUY,MWG,21900,54380.0,1190922000.0
2024-05-06,2024-05-03,SELL,VGI,17500,65740.0,1150450000.0
2024-05-06,2024-05-03,SELL,FRT,9100,129760.0,1180816000.0
2024-05-06,2024-05-03,SELL,MWG,21900,57020.0,1248738000.0
2024-05-06,2024-05-03,BUY,FOX,25300,46080.0,1165824000.0
2024-05-06,2024-05-03,BUY,NLG,31800,36300.0,1154340000.0
2024-05-06,2024-05-03,BUY,BMP,11900,96980.0,1154062000.0
2024-05-13,2024-05-10,SELL,FOX,25300,48480.0,1226544000.0
2024-05-13,2024-05-10,SELL,NLG,31800,37150.0,1181370000.0
2024-05-13,2024-05-10,SELL,BMP,11900,98150.0,1167985000.0
2024-05-13,2024-05-10,BUY,PVT,54400,22150.0,1204960000.0
2024-05-13,2024-05-10,BUY,VGS,46500,26060.0,1211790000.0
2024-05-13,2024-05-10,BUY,DPG,40100,30050.0,1205005000.0
2024-05-20,2024-05-17,SELL,PVT,54400,21850.0,1188640000.0
2024-05-20,2024-05-17,SELL,VGS,46500,30040.0,1396860000.0
2024-05-20,2024-05-17,SELL,DPG,40100,34430.0,1380643000.0
2024-05-20,2024-05-17,BUY,LPB,71100,18340.0,1303974000.0
2024-05-20,2024-05-17,BUY,TNG,66200,20590.0,1363058000.0
2024-05-20,2024-05-17,BUY,BAF,59500,22500.0,1338750000.0
2024-05-27,2024-05-24,SELL,LPB,71100,18700.0,1329570000.0
2024-05-27,2024-05-24,SELL,TNG,66200,19880.0,1316056000.0
2024-05-27,2024-05-24,SELL,BAF,59500,22250.0,1323875000.0
2024-05-27,2024-05-24,BUY,TCM,31600,41660.0,1316456000.0
2024-05-27,2024-05-24,BUY,HDG,50700,26050.0,1320735000.0
2024-05-27,2024-05-24,BUY,BFC,38100,34070.0,1298067000.0
2024-06-03,2024-05-31,SELL,TCM,31600,44620.0,1409992000.0
2024-06-03,2024-05-31,SELL,HDG,50700,26970.0,1367379000.0
2024-06-03,2024-05-31,SELL,BFC,38100,33900.0,1291590000.0
2024-06-03,2024-05-31,BUY,EIB,73600,18210.0,1340256000.0
2024-06-03,2024-05-31,BUY,POW,129700,11120.0,1442264000.0
2024-06-03,2024-05-31,BUY,VDS,67700,20260.0,1371602000.0
2024-06-10,2024-06-07,SELL,EIB,73600,17980.0,1323328000.0
2024-06-10,2024-06-07,SELL,POW,10000,11280.0,112800000.0
2024-06-10,2024-06-07,SELL,VDS,67700,21810.0,1476537000.0
2024-06-10,2024-06-07,BUY,FOX,20400,66560.0,1357824000.0
2024-06-10,2024-06-07,BUY,DPM,67600,20340.0,1374984000.0
2024-06-17,2024-06-14,SELL,POW,119700,11530.0,1380141000.0
2024-06-17,2024-06-14,SELL,FOX,20400,72060.0,1470024000.0
2024-06-17,2024-06-14,SELL,DPM,67600,19560.0,1322256000.0
2024-06-17,2024-06-14,BUY,CTR,9500,148630.0,1411985000.0
2024-06-17,2024-06-14,BUY,VTP,16500,84020.0,1386330000.0
2024-06-17,2024-06-14,BUY,HAH,43900,33140.0,1454846000.0
2024-06-24,2024-06-21,SELL,CTR,9500,144330.0,1371135000.0
2024-06-24,2024-06-21,SELL,VTP,500,86350.0,43175000.0
2024-06-24,2024-06-21,SELL,HAH,43900,31390.0,1378021000.0
2024-06-24,2024-06-21,BUY,GEE,52400,29180.0,1529032000.0
2024-06-24,2024-06-21,BUY,BFC,39700,35030.0,1390691000.0
2024-07-01,2024-06-28,SELL,VTP,16000,81210.0,1299360000.0
2024-07-01,2024-06-28,SELL,GEE,52400,27960.0,1465104000.0
2024-07-01,2024-06-28,SELL,BFC,39700,34050.0,1351785000.0
2024-07-01,2024-06-28,BUY,HAH,38800,34460.0,1337048000.0
2024-07-01,2024-06-28,BUY,VRE,65100,21850.0,1422435000.0
2024-07-01,2024-06-28,BUY,POW,108200,12030.0,1301646000.0
2024-07-08,2024-07-05,SELL,HAH,38800,35110.0,1362268000.0
2024-07-08,2024-07-05,SELL,VRE,65100,20300.0,1321530000.0
2024-07-08,2024-07-05,SELL,POW,108200,12440.0,1346008000.0
2024-07-08,2024-07-05,BUY,GEE,40800,29790.0,1215432000.0
2024-07-08,2024-07-05,BUY,BID,34100,38410.0,1309781000.0
2024-07-08,2024-07-05,BUY,LPB,51300,25720.0,1319436000.0
2024-07-15,2024-07-12,SELL,GEE,40800,29640.0,1209312000.0
2024-07-15,2024-07-12,SELL,BID,34100,38050.0,1297505000.0
2024-07-15,2024-07-12,SELL,LPB,51300,25040.0,1284552000.0
2024-07-15,2024-07-12,BUY,BFC,31500,41610.0,1310715000.0
2024-07-15,2024-07-12,BUY,NTL,52200,24730.0,1290906000.0
2024-07-15,2024-07-12,BUY,VGS,35800,36970.0,1323526000.0
2024-07-22,2024-07-19,SELL,BFC,31500,40300.0,1269450000.0
2024-07-22,2024-07-19,SELL,NTL,52200,23660.0,1235052000.0
2024-07-22,2024-07-19,SELL,VGS,35800,31080.0,1112664000.0
2024-07-22,2024-07-19,BUY,MBB,75300,16450.0,1238685000.0
2024-07-22,2024-07-19,BUY,GEE,38200,32680.0,1248376000.0
2024-07-22,2024-07-19,BUY,ACB,59500,20680.0,1230460000.0
2024-07-29,2024-07-26,SELL,MBB,75300,15730.0,1184469000.0
2024-07-29,2024-07-26,SELL,GEE,38200,32680.0,1248376000.0
2024-07-29,2024-07-26,SELL,ACB,59500,20180.0,1200710000.0
2024-07-29,2024-07-26,BUY,BCM,16800,70970.0,1192296000.0
2024-07-29,2024-07-26,BUY,DXG,102200,11440.0,1169168000.0
2024-07-29,2024-07-26,BUY,MSN,15900,74000.0,1176600000.0
2024-08-05,2024-08-02,SELL,BCM,16800,65360.0,1098048000.0
2024-08-05,2024-08-02,SELL,DXG,102200,10000.0,1022000000.0
2024-08-05,2024-08-02,SELL,MSN,15900,70500.0,1120950000.0
2024-08-05,2024-08-02,BUY,VNM,17700,61390.0,1086603000.0
2024-08-05,2024-08-02,BUY,BFC,25700,40540.0,1041878000.0
2024-08-05,2024-08-02,BUY,VIX,121200,8730.0,1058076000.0
2024-08-12,2024-08-09,SELL,VNM,17700,64569.99999999999,1142888999.9999998
2024-08-12,2024-08-09,SELL,BFC,25700,41790.0,1074003000.0
2024-08-12,2024-08-09,SELL,VIX,121200,9250.0,1121100000.0
2024-08-12,2024-08-09,BUY,BSI,25300,44090.0,1115477000.0
2024-08-12,2024-08-09,BUY,TNG,50000,23250.0,1162500000.0
2024-08-12,2024-08-09,BUY,MSN,14900,75200.0,1120480000.0
2024-08-19,2024-08-16,SELL,BSI,25300,45320.0,1146596000.0
2024-08-19,2024-08-16,SELL,TNG,50000,23940.0,1197000000.0
2024-08-19,2024-08-16,SELL,MSN,14900,77800.0,1159220000.0
2024-08-19,2024-08-16,BUY,HHV,105900,10880.0,1152192000.0
2024-08-19,2024-08-16,BUY,BMP,13000,89610.0,1164930000.0
2024-08-19,2024-08-16,BUY,CEO,81200,14760.0,1198512000.0
2024-08-26,2024-08-23,SELL,HHV,105900,11110.0,1176549000.0
2024-08-26,2024-08-23,SELL,BMP,13000,92080.0,1197040000.0
2024-08-26,2024-08-23,SELL,CEO,5200,15910.0,82732000.0
2024-08-26,2024-08-23,BUY,PDR,61200,20280.0,1241136000.0
2024-08-26,2024-08-23,BUY,DXG,93900,12960.0,1216944000.0
2024-09-04,2024-08-30,SELL,CEO,76000,15810.0,1201560000.0
2024-09-04,2024-08-30,SELL,PDR,61200,20740.0,1269288000.0
2024-09-04,2024-08-30,SELL,DXG,93900,13040.0,1224456000.0
2024-09-04,2024-08-30,BUY,VIC,53900,22000.0,1185800000.0
2024-09-04,2024-08-30,BUY,VHM,28700,42500.0,1219750000.0
2024-09-04,2024-08-30,BUY,TCB,52300,22410.0,1172043000.0
2024-09-09,2024-09-06,SELL,VIC,53900,21850.0,1177715000.0
2024-09-09,2024-09-06,SELL,VHM,500,43000.0,21500000.0
2024-09-09,2024-09-06,SELL,TCB,52300,22070.0,1154261000.0
2024-09-09,2024-09-06,BUY,DSE,53400,23480.0,1253832000.0
2024-09-09,2024-09-06,BUY,VRE,61700,20100.0,1240170000.0
2024-09-16,2024-09-13,SELL,VHM,28200,41750.0,1177350000.0
2024-09-16,2024-09-13,SELL,DSE,53400,23130.0,1235142000.0
2024-09-16,2024-09-13,SELL,VRE,61700,18900.0,1166130000.0
2024-09-16,2024-09-13,BUY,BAF,60100,19600.0,1177960000.0
2024-09-16,2024-09-13,BUY,BMP,12100,101420.0,1227182000.0
2024-09-16,2024-09-13,BUY,DBC,46900,25440.0,1193136000.0
2024-09-23,2024-09-20,SELL,BAF,60100,20750.0,1247075000.0
2024-09-23,2024-09-20,SELL,BMP,700,112700.0,78890000.0
2024-09-23,2024-09-20,SELL,DBC,46900,25830.0,1211427000.0
2024-09-23,2024-09-20,BUY,VTP,16100,77130.0,1241793000.0
2024-09-23,2024-09-20,BUY,TCB,54100,22750.0,1230775000.0
2024-09-30,2024-09-27,SELL,BMP,11400,104500.0,1191300000.0
2024-09-30,2024-09-27,SELL,VTP,16100,77720.0,1251292000.0
2024-09-30,2024-09-27,SELL,TCB,54100,23580.0,1275678000.0
2024-09-30,2024-09-27,BUY,TPB,83700,15270.0,1278099000.0
2024-09-30,2024-09-27,BUY,MBS,56000,22420.0,1255520000.0
2024-09-30,2024-09-27,BUY,MSB,119600,10870.0,1300052000.0
2024-10-07,2024-10-04,SELL,TPB,83700,15540.0,1300698000.0
2024-10-07,2024-10-04,SELL,MBS,56000,22280.0,1247680000.0
2024-10-07,2024-10-04,SELL,MSB,119600,10830.0,1295268000.0
2024-10-07,2024-10-04,BUY,ORS,85000,14900.0,1266500000.0
2024-10-07,2024-10-04,BUY,OCB,108500,11020.0,1195670000.0
2024-10-07,2024-10-04,BUY,BSI,26100,47460.0,1238706000.0
2024-10-14,2024-10-11,SELL,ORS,85000,14000.0,1190000000.0
2024-10-14,2024-10-11,SELL,OCB,108500,10710.0,1162035000.0
2024-10-14,2024-10-11,SELL,BSI,26100,46460.0,1212606000.0
2024-10-14,2024-10-11,BUY,VTP,14200,84050.0,1193510000.0
2024-10-14,2024-10-11,BUY,MSN,14800,80300.0,1188440000.0
2024-10-14,2024-10-11,BUY,NTL,58200,20410.0,1187862000.0
2024-10-21,2024-10-18,SELL,VTP,14200,85040.0,1207568000.0
2024-10-21,2024-10-18,SELL,MSN,14800,80200.0,1186960000.0
2024-10-21,2024-10-18,SELL,NTL,58200,20360.0,1184952000.0
2024-10-21,2024-10-18,BUY,VFS,97100,12860.0,1248706000.0
2024-10-21,2024-10-18,BUY,STB,34200,35250.0,1205550000.0
2024-10-21,2024-10-18,BUY,BMP,10700,116750.0,1249225000.0
2024-10-28,2024-10-25,SELL,VFS,97100,12950.0,1257445000.0
2024-10-28,2024-10-25,SELL,STB,34200,33750.0,1154250000.0
2024-10-28,2024-10-25,SELL,BMP,10700,119570.0,1279399000.0
2024-10-28,2024-10-25,BUY,EIB,56600,19850.0,1123510000.0
2024-10-28,2024-10-25,BUY,CTD,18800,63150.0,1187220000.0
2024-10-28,2024-10-25,BUY,HDC,48600,24330.0,1182438000.0
2024-11-04,2024-11-01,SELL,EIB,56600,18700.0,1058420000.0
2024-11-04,2024-11-01,SELL,CTD,18800,61760.0,1161088000.0
2024-11-04,2024-11-01,SELL,HDC,48600,22500.0,1093500000.0
2024-11-04,2024-11-01,BUY,VGI,17000,70200.0,1193400000.0
2024-11-04,2024-11-01,BUY,STB,33400,34900.0,1165660000.0
2024-11-04,2024-11-01,BUY,NLG,31800,35720.0,1135896000.0
2024-11-11,2024-11-08,SELL,VGI,2300,82480.0,189704000.0
2024-11-11,2024-11-08,SELL,STB,33400,33800.0,1128920000.0
2024-11-11,2024-11-08,SELL,NLG,31800,35760.0,1137168000.0
2024-11-11,2024-11-08,BUY,VTP,11200,104810.0,1173872000.0
2024-11-11,2024-11-08,BUY,DXS,189500,6390.0,1210905000.0
2024-11-18,2024-11-15,SELL,VGI,14700,84060.0,1235682000.0
2024-11-18,2024-11-15,SELL,VTP,600,121620.0,72972000.0
2024-11-18,2024-11-15,BUY,HAG,109100,11400.0,1243740000.0
2024-11-18,2024-11-15,BUY,DXS,700,6850.0,4795000.0
2024-11-25,2024-11-22,SELL,VTP,10600,126570.0,1341642000.0
2024-11-25,2024-11-22,SELL,DXS,10000,7550.0,75500000.0
2024-11-25,2024-11-22,SELL,HAG,109100,12100.0,1320110000.0
2024-11-25,2024-11-22,BUY,VFS,103400,13370.0,1382458000.0
2024-11-25,2024-11-22,BUY,NVL,122500,11000.0,1347500000.0
2024-12-02,2024-11-29,SELL,DXS,180200,7490.0,1349698000.0
2024-12-02,2024-11-29,SELL,VFS,103400,12690.0,1312146000.0
2024-12-02,2024-11-29,SELL,NVL,122500,10950.0,1341375000.0
2024-12-02,2024-11-29,BUY,KHG,235600,5840.0,1375904000.0
2024-12-02,2024-11-29,BUY,VGI,15100,92180.0,1391918000.0
2024-12-02,2024-11-29,BUY,POW,132800,10250.0,1361200000.0
2024-12-09,2024-12-06,SELL,KHG,235600,5900.0,1390040000.0
2024-12-09,2024-12-06,SELL,VGI,15100,91090.0,1375459000.0
2024-12-09,2024-12-06,SELL,POW,132800,10330.0,1371824000.0
2024-12-09,2024-12-06,BUY,VFS,97000,13550.0,1314350000.0
2024-12-09,2024-12-06,BUY,ANV,68800,19700.0,1355360000.0
2024-12-09,2024-12-06,BUY,VDS,73600,18090.0,1331424000.0
2024-12-16,2024-12-13,SELL,VFS,97000,13630.0,1322110000.0
2024-12-16,2024-12-13,SELL,VDS,73600,18910.0,1391776000.0
2024-12-16,2024-12-13,BUY,HDB,75100,18310.0,1375081000.0
2024-12-16,2024-12-13,BUY,HAG,110700,12500.0,1383750000.0
2024-12-16,2024-12-13,BUY,ANV,200,20330.0,4066000.0
2024-12-23,2024-12-20,SELL,ANV,69000,19460.0,1342740000.0
2024-12-23,2024-12-20,SELL,HDB,75100,18040.0,1354804000.0
2024-12-23,2024-12-20,SELL,HAG,110700,12850.0,1422495000.0
2024-12-23,2024-12-20,BUY,GEE,54600,24540.0,1339884000.0
2024-12-23,2024-12-20,BUY,DBC,55100,25040.0,1379704000.0
2024-12-23,2024-12-20,BUY,VGI,14300,94360.0,1349348000.0
2024-12-30,2024-12-27,SELL,GEE,54600,25820.0,1409772000.0
2024-12-30,2024-12-27,SELL,DBC,55100,24440.0,1346644000.0
2024-12-30,2024-12-27,SELL,VGI,14300,91090.0,1302587000.0
2024-12-30,2024-12-27,BUY,FCN,96900,14190.0,1375011000.0
2024-12-30,2024-12-27,BUY,LPB,47800,29390.0,1404842000.0
2024-12-30,2024-12-27,BUY,STB,36900,37850.0,1396665000.0
2025-01-06,2025-01-03,SELL,FCN,96900,14050.0,1361445000.0
2025-01-06,2025-01-03,SELL,LPB,47800,28220.0,1348916000.0
2025-01-06,2025-01-03,SELL,STB,36900,36250.0,1337625000.0
2025-01-06,2025-01-03,BUY,CTR,10500,128340.0,1347570000.0
2025-01-06,2025-01-03,BUY,VTP,9300,152470.0,1417971000.0
2025-01-06,2025-01-03,BUY,VGC,29700,44780.0,1329966000.0
2025-01-13,2025-01-10,SELL,CTR,10500,122290.0,1284045000.0
2025-01-13,2025-01-10,SELL,VTP,9300,147830.0,1374819000.0
2025-01-13,2025-01-10,SELL,VGC,29700,45400.0,1348380000.0
2025-01-13,2025-01-10,BUY,BID,33400,38870.0,1298258000.0
2025-01-13,2025-01-10,BUY,VFS,91800,14150.0,1298970000.0
2025-01-13,2025-01-10,BUY,KBC,45600,28250.0,1288200000.0
2025-01-20,2025-01-17,SELL,BID,33400,39460.0,1317964000.0
2025-01-20,2025-01-17,SELL,VFS,91800,14750.0,1354050000.0
2025-01-20,2025-01-17,SELL,KBC,45600,29550.0,1347480000.0
2025-01-20,2025-01-17,BUY,HHV,115400,11530.0,1330562000.0
2025-01-20,2025-01-17,BUY,FCN,89700,14730.0,1321281000.0
2025-01-20,2025-01-17,BUY,VCG,77400,17380.0,1345212000.0
2025-02-03,2025-01-24,SELL,HHV,115400,11620.0,1340948000.0
2025-02-03,2025-01-24,SELL,FCN,89700,14440.0,1295268000.0
2025-02-03,2025-01-24,SELL,VCG,77400,17960.0,1390104000.0
2025-02-03,2025-01-24,BUY,LPB,40000,32700.000000000004,1308000000.0000002
2025-02-03,2025-01-24,BUY,FRT,8100,164000.0,1328400000.0
2025-02-03,2025-01-24,BUY,GEE,48200,29620.0,1427684000.0
2025-02-17,2025-02-14,SELL,LPB,40000,34700.0,1388000000.0
2025-02-17,2025-02-14,SELL,FRT,8100,151360.0,1226016000.0
2025-02-17,2025-02-14,SELL,GEE,9400,41240.0,387656000.0
2025-02-17,2025-02-14,BUY,CTD,17200,83400.0,1434480000.0
2025-02-17,2025-02-14,BUY,PLX,36500,40690.0,1485185000.0
2025-02-24,2025-02-21,SELL,GEE,1300,45700.0,59410000.0
2025-02-24,2025-02-21,SELL,CTD,17200,88570.0,1523404000.0
2025-02-24,2025-02-21,SELL,PLX,36500,41610.0,1518765000.0
2025-02-24,2025-02-21,BUY,VIX,176400,9250.0,1631700000.0
2025-02-24,2025-02-21,BUY,CEO,116100,13810.0,1603341000.0
2025-03-03,2025-02-28,SELL,GEE,3100,48120.0,149172000.0
2025-03-03,2025-02-28,SELL,VIX,176400,9490.0,1674036000.0
2025-03-03,2025-02-28,SELL,CEO,116100,13910.0,1614951000.0
2025-03-03,2025-02-28,BUY,BSI,34100,50360.0,1717276000.0
2025-03-03,2025-02-28,BUY,NKG,105000,15950.0,1674750000.0
2025-03-10,2025-03-07,SELL,GEE,1500,53130.0,79695000.0
2025-03-10,2025-03-07,SELL,BSI,34100,50910.0,1736031000.0
2025-03-10,2025-03-07,SELL,NKG,105000,15800.0,1659000000.0
2025-03-10,2025-03-07,BUY,VIC,77300,23650.0,1828145000.0
2025-03-10,2025-03-07,BUY,MBB,95200,18390.0,1750728000.0
2025-03-17,2025-03-14,SELL,GEE,32900,55400.0,1822660000.0
2025-03-17,2025-03-14,SELL,VIC,7900,26050.0,205795000.0
2025-03-17,2025-03-14,SELL,MBB,95200,18240.0,1736448000.0
2025-03-17,2025-03-14,BUY,VND,125100,14440.0,1806444000.0
2025-03-17,2025-03-14,BUY,KHG,301800,5930.0,1789674000.0
2025-03-24,2025-03-21,SELL,VIC,69400,28350.0,1967490000.0
2025-03-24,2025-03-21,SELL,VND,125100,15120.0,1891512000.0
2025-03-24,2025-03-21,SELL,KHG,301800,5750.0,1735350000.0
2025-03-24,2025-03-21,BUY,SHB,186000,10420.0,1938120000.0
2025-03-24,2025-03-21,BUY,HDC,77000,23570.0,1814890000.0
2025-03-24,2025-03-21,BUY,CTS,64800,28320.0,1835136000.0
2025-03-31,2025-03-28,SELL,SHB,9100,10460.0,95186000.0
2025-03-31,2025-03-28,SELL,HDC,77000,24640.0,1897280000.0
2025-03-31,2025-03-28,SELL,CTS,64800,27340.0,1771632000.0
2025-03-31,2025-03-28,BUY,VIC,65100,29000.0,1887900000.0
2025-03-31,2025-03-28,BUY,DPG,58200,31650.0,1842030000.0
2025-04-08,2025-04-04,SELL,SHB,176900,9450.0,1671705000.0
2025-04-08,2025-04-04,SELL,VIC,1700,27550.0,46835000.0
2025-04-08,2025-04-04,SELL,DPG,58200,27920.0,1624944000.0
2025-04-08,2025-04-04,BUY,GEX,85100,20200.0,1719020000.0
2025-04-08,2025-04-04,BUY,VFS,121800,13720.0,1671096000.0
2025-04-14,2025-04-11,SELL,VIC,3900,34800.0,135720000.0
2025-04-14,2025-04-11,SELL,GEX,85100,22450.0,1910495000.0
2025-04-14,2025-04-11,SELL,VFS,121800,15350.0,1869630000.0
2025-04-14,2025-04-11,BUY,MPC,180400,10440.0,1883376000.0
2025-04-14,2025-04-11,BUY,BMP,16800,114940.0,1930992000.0
2025-04-21,2025-04-18,SELL,VIC,59500,30750.0,1829625000.0
2025-04-21,2025-04-18,SELL,MPC,180400,10050.0,1813020000.0
2025-04-21,2025-04-18,SELL,BMP,16800,123320.0,2071776000.0
2025-04-21,2025-04-18,BUY,GEE,28600,67690.0,1935934000.0
2025-04-21,2025-04-18,BUY,GEX,78800,25120.0,1979456000.0
2025-04-21,2025-04-18,BUY,HAH,44200,45010.0,1989442000.0
2025-04-28,2025-04-25,SELL,GEE,28600,76990.0,2201914000.0
2025-04-28,2025-04-25,SELL,GEX,78800,24430.0,1925084000.0
2025-04-28,2025-04-25,SELL,HAH,44200,46000.0,2033200000.0
2025-04-28,2025-04-25,BUY,VSC,126300,16260.000000000002,2053638000.0000002
2025-04-28,2025-04-25,BUY,NVL,185200,11450.0,2120540000.0
2025-04-28,2025-04-25,BUY,VRE,88100,23100.0,2035110000.0
2025-05-05,2025-05-02,SELL,VSC,5300,18590.0,98527000.0
2025-05-05,2025-05-02,SELL,NVL,185200,11450.0,2120540000.0
2025-05-05,2025-05-02,SELL,VRE,88100,24900.0,2193690000.0
2025-05-05,2025-05-02,BUY,VFS,113000,18980.0,2144740000.0
2025-05-05,2025-05-02,BUY,HAG,160600,13400.0,2152040000.0
2025-05-12,2025-05-09,SELL,VSC,121000,17690.0,2140490000.0
2025-05-12,2025-05-09,SELL,VFS,113000,18890.0,2134570000.0
2025-05-12,2025-05-09,SELL,HAG,160600,13150.0,2111890000.0
2025-05-12,2025-05-09,BUY,NLG,75100,28670.0,2153117000.0
2025-05-12,2025-05-09,BUY,GEX,76600,28180.0,2158588000.0
2025-05-12,2025-05-09,BUY,GVR,82100,27560.0,2262676000.0
2025-05-19,2025-05-16,SELL,NLG,75100,30750.0,2309325000.0
2025-05-19,2025-05-16,SELL,GEX,76600,29190.0,2235954000.0
2025-05-19,2025-05-16,SELL,GVR,82100,26820.0,2201922000.0
2025-05-19,2025-05-16,BUY,HSG,134000,16250.0,2177500000.0
2025-05-19,2025-05-16,BUY,DPG,65200,34360.0,2240272000.0
2025-05-19,2025-05-16,BUY,VPB,122100,18200.0,2222220000.0
2025-05-26,2025-05-23,SELL,HSG,134000,16400.0,2197600000.0
2025-05-26,2025-05-23,SELL,DPG,65200,40390.0,2633428000.0
2025-05-26,2025-05-23,SELL,VPB,122100,18150.0,2216115000.0
2025-05-26,2025-05-23,BUY,VHM,33000,73500.0,2425500000.0
2025-05-26,2025-05-23,BUY,VFS,96400,22960.0,2213344000.0
2025-05-26,2025-05-23,BUY,CII,175000,13480.0,2359000000.0
2025-06-02,2025-05-30,SELL,VHM,33000,77000.0,2541000000.0
2025-06-02,2025-05-30,SELL,VFS,96400,23050.0,2222020000.0
2025-06-02,2025-05-30,SELL,CII,175000,13570.0,2374750000.0
2025-06-02,2025-05-30,BUY,CEO,150300,17050.0,2562615000.0
2025-06-02,2025-05-30,BUY,NTL,145200,17250.0,2504700000.0
2025-06-02,2025-05-30,BUY,NVL,166900,14550.0,2428395000.0
2025-06-09,2025-06-06,SELL,CEO,150300,17520.0,2633256000.0
2025-06-09,2025-06-06,SELL,NTL,145200,17440.0,2532288000.0
2025-06-09,2025-06-06,SELL,NVL,166900,14400.0,2403360000.0
2025-06-09,2025-06-06,BUY,DXS,269100,8650.0,2327715000.0
2025-06-09,2025-06-06,BUY,PVS,77900,31030.0,2417237000.0
2025-06-09,2025-06-06,BUY,C4G,283500,8000.0,2268000000.0
2025-06-16,2025-06-13,SELL,DXS,269100,8990.0,2419209000.0
2025-06-16,2025-06-13,SELL,PVS,77900,34390.0,2678981000.0
2025-06-16,2025-06-13,SELL,C4G,283500,8200.0,2324700000.0
2025-06-16,2025-06-13,BUY,MPC,203500,13200.0,2686200000.0
2025-06-16,2025-06-13,BUY,VFS,102000,25830.0,2634660000.0
2025-06-16,2025-06-13,BUY,VTP,21300,119640.0,2548332000.0
2025-06-23,2025-06-20,SELL,MPC,203500,12800.0,2604800000.0
2025-06-23,2025-06-20,SELL,VFS,9400,26480.0,248912000.0
2025-06-23,2025-06-20,SELL,VTP,21300,111640.0,2377932000.0
2025-06-23,2025-06-20,BUY,DPG,55000,45250.0,2488750000.0
2025-06-23,2025-06-20,BUY,BFC,53100,47500.0,2522250000.0
2025-06-30,2025-06-27,SELL,VFS,92600,22960.0,2126096000.0
2025-06-30,2025-06-27,SELL,DPG,55000,43400.0,2387000000.0
2025-06-30,2025-06-27,SELL,BFC,53100,46650.0,2477115000.0
2025-06-30,2025-06-27,BUY,ANV,121700,20480.0,2492416000.0
2025-06-30,2025-06-27,BUY,MSN,30300,76800.0,2327040000.0
2025-06-30,2025-06-27,BUY,TNG,122200,19180.0,2343796000.0
2025-07-07,2025-07-04,SELL,ANV,17300,22850.0,395305000.0
2025-07-07,2025-07-04,SELL,MSN,30300,74800.0,2266440000.0
2025-07-07,2025-07-04,SELL,TNG,122200,19550.0,2389010000.0
2025-07-07,2025-07-04,BUY,VIX,196600,12540.0,2465364000.0
2025-07-07,2025-07-04,BUY,GMD,41200,58460.0,2408552000.0
2025-07-14,2025-07-11,SELL,ANV,104400,21780.0,2273832000.0
2025-07-14,2025-07-11,SELL,VIX,196600,13340.0,2622644000.0
2025-07-14,2025-07-11,SELL,GMD,41200,59000.0,2430800000.0
2025-07-14,2025-07-11,BUY,VGS,85600,29100.0,2490960000.0
2025-07-14,2025-07-11,BUY,SSI,93300,26430.0,2465919000.0
2025-07-14,2025-07-11,BUY,HPG,94500,25750.0,2433375000.0
2025-07-21,2025-07-18,SELL,VGS,85600,31600.0,2704960000.0
2025-07-21,2025-07-18,SELL,SSI,93300,27850.0,2598405000.0
2025-07-21,2025-07-18,SELL,HPG,94500,26200.0,2475900000.0
2025-07-21,2025-07-18,BUY,DXS,219500,11050.0,2425475000.0
2025-07-21,2025-07-18,BUY,CEO,117800,20860.0,2457308000.0
2025-07-21,2025-07-18,BUY,FOX,33300,73000.0,2430900000.0
2025-07-28,2025-07-25,SELL,DXS,219500,11850.0,2601075000.0
2025-07-28,2025-07-25,SELL,CEO,117800,23910.0,2816598000.0
2025-07-28,2025-07-25,SELL,FOX,33300,73900.0,2460870000.0
2025-07-28,2025-07-25,BUY,CTS,64900,42500.0,2758250000.0
2025-07-28,2025-07-25,BUY,VJC,21600,127000.0,2743200000.0
2025-07-28,2025-07-25,BUY,VSC,115200,24550.0,2828160000.0
2025-08-04,2025-08-01,SELL,CTS,64900,40650.0,2638185000.0
2025-08-04,2025-08-01,SELL,VJC,21600,127300.0,2749680000.0
2025-08-04,2025-08-01,SELL,VSC,11400,26300.0,299820000.0
2025-08-04,2025-08-01,BUY,SHS,124300,23600.0,2933480000.0
2025-08-04,2025-08-01,BUY,PC1,111000,23910.0,2654010000.0
2025-08-11,2025-08-08,SELL,VSC,103800,25900.0,2688420000.0
2025-08-11,2025-08-08,SELL,SHS,124300,24400.0,3032920000.0
2025-08-11,2025-08-08,SELL,PC1,111000,23480.0,2606280000.0
2025-08-11,2025-08-08,BUY,TPB,146400,18620.0,2725968000.0
2025-08-11,2025-08-08,BUY,CII,154000,18740.0,2885960000.0
2025-08-11,2025-08-08,BUY,ANV,101700,25700.0,2613690000.0
2025-08-18,2025-08-15,SELL,TPB,146400,19190.0,2809416000.0
2025-08-18,2025-08-15,SELL,CII,27200,23980.0,652256000.0
2025-08-18,2025-08-15,SELL,ANV,101700,26240.0,2668608000.0
2025-08-18,2025-08-15,BUY,MBB,108500,27800.0,3016300000.0
2025-08-18,2025-08-15,BUY,VJC,21000,142400.0,2990400000.0
2025-08-25,2025-08-22,SELL,CII,126800,22220.0,2817496000.0
2025-08-25,2025-08-22,SELL,MBB,108500,26200.0,2842700000.0
2025-08-25,2025-08-22,SELL,VJC,21000,142500.0,2992500000.0
2025-08-25,2025-08-22,BUY,VDS,121900,23250.0,2834175000.0
2025-08-25,2025-08-22,BUY,KBC,74700,38650.0,2887155000.0
2025-08-25,2025-08-22,BUY,VIB,129200,21950.0,2835940000.0
2025-09-03,2025-08-29,SELL,VDS,121900,24750.0,3017025000.0
2025-09-03,2025-08-29,SELL,KBC,74700,39600.0,2958120000.0
2025-09-03,2025-08-29,SELL,VIB,129200,22650.0,2926380000.0
2025-09-03,2025-08-29,BUY,SSI,82800,36730.0,3041244000.0
2025-09-03,2025-08-29,BUY,ORS,188200,16600.0,3124120000.0
2025-09-03,2025-08-29,BUY,DSE,102300,29180.0,2985114000.0
2025-09-08,2025-09-05,SELL,SSI,82800,35710.0,2956788000.0
2025-09-08,2025-09-05,SELL,ORS,188200,15050.0,2832410000.0
2025-09-08,2025-09-05,SELL,DSE,102300,26270.0,2687421000.0
2025-09-08,2025-09-05,BUY,NKG,165800,18150.0,3009270000.0
2025-09-08,2025-09-05,BUY,HSG,146600,20000.0,2932000000.0
2025-09-08,2025-09-05,BUY,HPG,103000,28900.0,2976700000.0
2025-09-15,2025-09-12,SELL,NKG,12600,19700.0,248220000.0
2025-09-15,2025-09-12,SELL,HSG,146600,20700.0,3034620000.0
2025-09-15,2025-09-12,SELL,HPG,103000,30350.0,3126050000.0
2025-09-15,2025-09-12,BUY,DXG,124900,24200.0,3022580000.0
2025-09-15,2025-09-12,BUY,PVD,128500,23320.0,2996620000.0
2025-09-22,2025-09-19,SELL,NKG,153200,18250.0,2795900000.0
2025-09-22,2025-09-19,SELL,DXG,124900,22600.0,2822740000.0
2025-09-22,2025-09-19,SELL,PVD,128500,21560.0,2770460000.0
2025-09-22,2025-09-19,BUY,CTD,38000,75580.0,2872040000.0
2025-09-22,2025-09-19,BUY,VIC,38200,74400.0,2842080000.0
2025-09-22,2025-09-19,BUY,VHC,48500,58370.0,2830945000.0
2025-09-29,2025-09-26,SELL,CTD,38000,75870.0,2883060000.0
2025-09-29,2025-09-26,SELL,VIC,38200,86400.0,3300480000.0
2025-09-29,2025-09-26,SELL,VHC,48500,55500.0,2691750000.0
2025-09-29,2025-09-26,BUY,CII,108600,26800.0,2910480000.0
2025-09-29,2025-09-26,BUY,HHV,180000,16350.000000000002,2943000000.0000005
2025-09-29,2025-09-26,BUY,CEO,108800,26200.0,2850560000.0
2025-10-06,2025-10-03,SELL,CII,108600,26000.0,2823600000.0
2025-10-06,2025-10-03,SELL,HHV,180000,15230.0,2741400000.0
2025-10-06,2025-10-03,SELL,CEO,108800,25400.0,2763520000.0
2025-10-06,2025-10-03,BUY,ANV,88500,30590.0,2707215000.0
2025-10-06,2025-10-03,BUY,VRE,80700,35000.0,2824500000.0
2025-10-06,2025-10-03,BUY,LPB,50300,51800.0,2605540000.0
2025-10-13,2025-10-10,SELL,ANV,88500,32290.0,2857665000.0
2025-10-13,2025-10-10,SELL,VRE,7000,43000.0,301000000.0
2025-10-13,2025-10-10,SELL,LPB,50300,52500.0,2640750000.0
2025-10-13,2025-10-10,BUY,VHM,24100,124200.0,2993220000.0
2025-10-13,2025-10-10,BUY,GEE,21000,142710.0,2996910000.0
2025-10-20,2025-10-17,SELL,VRE,73700,38150.0,2811655000.0
2025-10-20,2025-10-17,SELL,VHM,24100,108000.0,2602800000.0
2025-10-20,2025-10-17,SELL,GEE,3100,166740.0,516894000.0
2025-10-20,2025-10-17,BUY,VJC,18300,174500.0,3193350000.0
2025-10-20,2025-10-17,BUY,CEO,100800,28800.0,2903040000.0
2025-10-27,2025-10-24,SELL,GEE,17900,175210.0,3136259000.0
2025-10-27,2025-10-24,SELL,VJC,18300,175300.0,3207990000.0
2025-10-27,2025-10-24,SELL,CEO,100800,27800.0,2802240000.0
2025-10-27,2025-10-24,BUY,VTP,27600,114500.0,3160200000.0
2025-10-27,2025-10-24,BUY,CTR,34600,91000.0,3148600000.0
2025-10-27,2025-10-24,BUY,FPT,32500,96990.0,3152175000.0
2025-11-03,2025-10-31,SELL,VTP,27600,108100.0,2983560000.0
2025-11-03,2025-10-31,SELL,CTR,34600,89800.0,3107080000.0
2025-11-03,2025-10-31,SELL,FPT,32500,103920.0,3377400000.0
2025-11-03,2025-10-31,BUY,KHG,364900,8310.0,3032319000.0
2025-11-03,2025-10-31,BUY,CTD,31800,93180.0,2963124000.0
2025-11-03,2025-10-31,BUY,VGI,39000,77100.0,3006900000.0
2025-11-10,2025-11-07,SELL,KHG,364900,7610.0,2776889000.0
2025-11-10,2025-11-07,SELL,CTD,31800,79070.0,2514426000.0
2025-11-10,2025-11-07,SELL,VGI,39000,80600.0,3143400000.0
2025-11-10,2025-11-07,BUY,PVD,115900,24700.0,2862730000.0
2025-11-10,2025-11-07,BUY,PVS,90000,30940.0,2784600000.0
2025-11-10,2025-11-07,BUY,VIC,28600,99500.0,2845700000.0
2025-11-17,2025-11-14,SELL,PVD,115900,26700.0,3094530000.0
2025-11-17,2025-11-14,SELL,PVS,90000,32900.0,2961000000.0
2025-11-17,2025-11-14,SELL,VIC,28600,108500.0,3103100000.0
2025-11-17,2025-11-14,BUY,HAG,171300,18850.0,3229005000.0
2025-11-17,2025-11-14,BUY,VNM,48100,62100.0,2987010000.0
2025-11-17,2025-11-14,BUY,CII,120200,26550.0,3191310000.0
2025-11-24,2025-11-21,SELL,HAG,171300,18000.0,3083400000.0
2025-11-24,2025-11-21,SELL,VNM,48100,63000.0,3030300000.0
2025-11-24,2025-11-21,SELL,CII,120200,25650.0,3083130000.0
2025-11-24,2025-11-21,BUY,VJC,15100,204800.0,3092480000.0
2025-11-24,2025-11-21,BUY,VIC,25600,119750.0,3065600000.0
2025-11-24,2025-11-21,BUY,NVL,191400,15800.0,3024120000.0
2025-12-01,2025-11-28,SELL,VJC,15100,203900.0,3078890000.0
2025-12-01,2025-11-28,SELL,VIC,2600,134950.0,350870000.0
2025-12-01,2025-11-28,SELL,NVL,191400,14750.0,2823150000.0
2025-12-01,2025-11-28,BUY,VPL,31500,101600.0,3200400000.0
2025-12-01,2025-11-28,BUY,GEE,15400,207520.0,3195808000.0
2025-12-08,2025-12-05,SELL,VIC,600,152700.0,91620000.0
2025-12-08,2025-12-05,SELL,VPL,700,106300.0,74410000.0
2025-12-08,2025-12-05,SELL,GEE,1100,219140.0,241054000.0
2025-12-15,2025-12-12,SELL,VIC,22400,142900.0,3200960000.0
2025-12-15,2025-12-12,SELL,VPL,30800,78800.0,2427040000.0
2025-12-15,2025-12-12,SELL,GEE,14300,168220.0,2405546000.0
2025-12-15,2025-12-12,BUY,BMP,15900,175300.0,2787270000.0
2025-12-15,2025-12-12,BUY,BAF,80100,35500.0,2843550000.0
2025-12-15,2025-12-12,BUY,FCN,183900,15170.0,2789763000.0
2025-12-22,2025-12-19,SELL,BMP,15900,176200.0,2801580000.0
2025-12-22,2025-12-19,SELL,BAF,80100,35300.0,2827530000.0
2025-12-22,2025-12-19,SELL,FCN,183900,16300.0,2997570000.0
2025-12-22,2025-12-19,BUY,PVD,99200,27900.0,2767680000.0
2025-12-22,2025-12-19,BUY,VRE,86400,33000.0,2851200000.0
2025-12-22,2025-12-19,BUY,HDB,105500,27000.0,2848500000.0
2025-12-29,2025-12-26,SELL,PVD,99200,28500.0,2827200000.0
2025-12-29,2025-12-26,SELL,VRE,86400,33200.0,2868480000.0
2025-12-29,2025-12-26,SELL,HDB,105500,27600.0,2911800000.0
2025-12-29,2025-12-26,BUY,GEE,12800,227310.0,2909568000.0
2025-12-29,2025-12-26,BUY,STB,47400,59900.0,2839260000.0
2025-12-29,2025-12-26,BUY,GAS,38700,75100.0,2906370000.0
2026-01-05,2026-01-02,SELL,GEE,1300,225540.0,293202000.0
2026-01-05,2026-01-02,SELL,STB,47400,57900.0,2744460000.0
2026-01-05,2026-01-02,SELL,GAS,38700,77400.0,2995380000.0
2026-01-05,2026-01-02,BUY,VHM,22500,132600.0,2983500000.0
2026-01-05,2026-01-02,BUY,DGC,40800,65500.0,2672400000.0
2026-01-12,2026-01-09,SELL,GEE,11500,206340.0,2372910000.0
2026-01-12,2026-01-09,SELL,VHM,22500,130200.0,2929500000.0
2026-01-12,2026-01-09,SELL,DGC,40800,63700.0,2598960000.0
2026-01-12,2026-01-09,BUY,GAS,28000,97000.0,2716000000.0
2026-01-12,2026-01-09,BUY,VGI,29600,101400.0,3001440000.0
2026-01-12,2026-01-09,BUY,PLX,63200,42400.0,2679680000.0
2026-01-19,2026-01-16,SELL,GAS,28000,105800.0,2962400000.0
2026-01-19,2026-01-16,SELL,VGI,4500,130900.0,589050000.0
2026-01-19,2026-01-16,SELL,PLX,3000,55600.0,166800000.0
2026-01-19,2026-01-16,BUY,FOX,39300,87000.0,3419100000.0
2026-01-26,2026-01-23,SELL,VGI,25100,124000.0,3112400000.0
2026-01-26,2026-01-23,SELL,PLX,60200,57000.0,3431400000.0
2026-01-26,2026-01-23,SELL,FOX,3700,92500.0,342250000.0
2026-01-26,2026-01-23,BUY,DGC,43700,68800.0,3006560000.0
2026-01-26,2026-01-23,BUY,GMD,47200,64000.0,3020800000.0
2026-02-02,2026-01-30,SELL,FOX,35600,92000.0,3275200000.0
2026-02-02,2026-01-30,SELL,DGC,43700,67300.0,2941010000.0
2026-02-02,2026-01-30,SELL,GMD,47200,68200.0,3219040000.0
2026-02-02,2026-01-30,BUY,PVS,76600,48100.0,3684460000.0
2026-02-02,2026-01-30,BUY,GAS,29700,114500.0,3400650000.0
2026-02-02,2026-01-30,BUY,PNJ,27300,118200.0,3226860000.0
2026-02-09,2026-02-06,SELL,PVS,76600,45900.0,3515940000.0
2026-02-09,2026-02-06,SELL,GAS,29700,115700.0,3436290000.0
2026-02-09,2026-02-06,SELL,PNJ,27300,112900.0,3082170000.0
2026-02-09,2026-02-06,BUY,BFC,59600,53300.0,3176680000.0
2026-02-09,2026-02-06,BUY,DCM,83300,39900.0,3323670000.0
2026-02-09,2026-02-06,BUY,BAF,85000,37600.0,3196000000.0
2026-02-23,2026-02-13,SELL,BFC,2500,61500.0,153750000.0
2026-02-23,2026-02-13,SELL,DCM,83300,40000.0,3332000000.0
2026-02-23,2026-02-13,SELL,BAF,85000,38250.0,3251250000.0
2026-02-23,2026-02-13,BUY,EIB,149700,23400.0,3502980000.0
2026-02-23,2026-02-13,BUY,VIC,21600,162300.0,3505680000.0
2026-03-09,2026-03-06,SELL,BFC,57100,67900.0,3877090000.0
2026-03-09,2026-03-06,SELL,EIB,149700,20550.0,3076335000.0
2026-03-09,2026-03-06,SELL,VIC,21600,145600.0,3144960000.0
2026-03-09,2026-03-06,BUY,PVT,115600,28600.0,3306160000.0
2026-03-09,2026-03-06,BUY,DCM,71700,46050.0,3301785000.0
2026-03-09,2026-03-06,BUY,DPM,114000,29950.0,3414300000.0
2026-03-16,2026-03-13,SELL,PVT,115600,24100.0,2785960000.0
2026-03-16,2026-03-13,SELL,DCM,71700,44550.0,3194235000.0
2026-03-16,2026-03-13,SELL,DPM,12400,30900.0,383160000.0
2026-03-16,2026-03-13,BUY,VCG,143600,23600.0,3388960000.0
2026-03-16,2026-03-13,BUY,NVL,266800,13500.0,3601800000.0
2026-03-23,2026-03-20,SELL,DPM,101600,28700.0,2915920000.0
2026-03-23,2026-03-20,SELL,VCG,143600,20750.0,2979700000.0
2026-03-23,2026-03-20,SELL,NVL,40000,12550.0,502000000.0
2026-03-23,2026-03-20,BUY,VCK,85400,35150.0,3001810000.0
2026-03-23,2026-03-20,BUY,GEE,19100,148200.0,2830620000.0
2026-03-30,2026-03-27,SELL,NVL,226800,13850.0,3141180000.0
2026-03-30,2026-03-27,SELL,VCK,85400,34000.0,2903600000.0
2026-03-30,2026-03-27,SELL,GEE,19100,184600.0,3525860000.0
2026-03-30,2026-03-27,BUY,CII,166000,18300.0,3037800000.0
2026-03-30,2026-03-27,BUY,DCM,65300,49000.0,3199700000.0
2026-03-30,2026-03-27,BUY,VTP,31900,97500.0,3110250000.0
PENDING,2026-04-03,SELL PENDING,CII,166000,18000.0,2988000000.0
PENDING,2026-04-03,SELL PENDING,DCM,65300,44350.0,2896055000.0
PENDING,2026-04-03,SELL PENDING,VTP,31900,93600.0,2985840000.0
PENDING,2026-04-03,BUY PENDING,GEE,15500,194300.0,3011650000.0
PENDING,2026-04-03,BUY PENDING,DXS,405600,7470.0,3029832000.0
PENDING,2026-04-03,BUY PENDING,VHM,25400,119200.0,3027680000.0
